ID,Sequence,SeqName,Position,Kmer_Size
1,MKI,protein 1,0,3
2,KIK,protein 1,1,3
3,IKN,protein 1,2,3
4,KNY,protein 1,3,3
5,NYF,protein 1,4,3
6,YFI,protein 1,5,3
7,FII,protein 1,6,3
8,IIV,protein 1,7,3
9,IVF,protein 1,8,3
10,VFI,protein 1,9,3
11,FII,protein 1,10,3
12,III,protein 1,11,3
13,IIV,protein 1,12,3
14,IVL,protein 1,13,3
15,VLS,protein 1,14,3
16,LST,protein 1,15,3
17,STD,protein 1,16,3
18,TDV,protein 1,17,3
19,DVI,protein 1,18,3
20,VIS,protein 1,19,3
21,ISS,protein 1,20,3
22,SSQ,protein 1,21,3
23,SQS,protein 1,22,3
24,QSS,protein 1,23,3
25,SSI,protein 1,24,3
26,SIE,protein 1,25,3
27,IED,protein 1,26,3
28,EDK,protein 1,27,3
29,DKM,protein 1,28,3
30,KMY,protein 1,29,3
31,MYT,protein 1,30,3
32,YTS,protein 1,31,3
33,TSL,protein 1,32,3
34,SLN,protein 1,33,3
35,LNS,protein 1,34,3
36,NSY,protein 1,35,3
37,SYP,protein 1,36,3
38,YPC,protein 1,37,3
39,PCT,protein 1,38,3
40,CTR,protein 1,39,3
41,TRI,protein 1,40,3
42,RIM,protein 1,41,3
43,IMT,protein 1,42,3
44,MTL,protein 1,43,3
45,TLN,protein 1,44,3
46,LNG,protein 1,45,3
47,NGQ,protein 1,46,3
48,GQI,protein 1,47,3
49,QIG,protein 1,48,3
50,IGC,protein 1,49,3
51,GCS,protein 1,50,3
52,CSS,protein 1,51,3
53,SSS,protein 1,52,3
54,SSH,protein 1,53,3
55,SHG,protein 1,54,3
56,HGG,protein 1,55,3
57,GGD,protein 1,56,3
58,GDS,protein 1,57,3
59,DSG,protein 1,58,3
60,SGI,protein 1,59,3
61,GIL,protein 1,60,3
62,ILY,protein 1,61,3
63,LYL,protein 1,62,3
64,YLI,protein 1,63,3
65,LID,protein 1,64,3
66,IDS,protein 1,65,3
67,DSD,protein 1,66,3
68,SDE,protein 1,67,3
69,DES,protein 1,68,3
70,ESY,protein 1,69,3
71,SYH,protein 1,70,3
72,YHN,protein 1,71,3
73,HNY,protein 1,72,3
74,NYF,protein 1,73,3
75,YFS,protein 1,74,3
76,FSY,protein 1,75,3
77,SYN,protein 1,76,3
78,YNQ,protein 1,77,3
79,NQQ,protein 1,78,3
80,QQK,protein 1,79,3
81,QKD,protein 1,80,3
82,KDI,protein 1,81,3
83,DII,protein 1,82,3
84,IIV,protein 1,83,3
85,IVV,protein 1,84,3
86,VVF,protein 1,85,3
87,VFD,protein 1,86,3
88,FDS,protein 1,87,3
89,DSN,protein 1,88,3
90,SNY,protein 1,89,3
91,NYF,protein 1,90,3
92,YFN,protein 1,91,3
93,FNK,protein 1,92,3
94,NKT,protein 1,93,3
95,KTL,protein 1,94,3
96,TLV,protein 1,95,3
97,LVL,protein 1,96,3
98,VLE,protein 1,97,3
99,LEM,protein 1,98,3
100,EMY,protein 1,99,3
101,MYS,protein 1,100,3
102,YSK,protein 1,101,3
103,SKK,protein 1,102,3
104,KKK,protein 1,103,3
105,KKM,protein 1,104,3
106,KMN,protein 1,105,3
107,MNG,protein 1,106,3
108,NGA,protein 1,107,3
109,GAL,protein 1,108,3
110,ALV,protein 1,109,3
111,LVL,protein 1,110,3
112,VLT,protein 1,111,3
113,LTD,protein 1,112,3
114,TDI,protein 1,113,3
115,DIG,protein 1,114,3
116,IGK,protein 1,115,3
117,GKT,protein 1,116,3
118,KTY,protein 1,117,3
119,TYP,protein 1,118,3
120,YPY,protein 1,119,3
121,PYS,protein 1,120,3
122,YSP,protein 1,121,3
123,SPE,protein 1,122,3
124,PED,protein 1,123,3
125,EDQ,protein 1,124,3
126,DQY,protein 1,125,3
127,QYP,protein 1,126,3
128,YPI,protein 1,127,3
129,PIK,protein 1,128,3
130,IKQ,protein 1,129,3
131,KQF,protein 1,130,3
132,QFG,protein 1,131,3
133,FGL,protein 1,132,3
134,GLY,protein 1,133,3
135,LYP,protein 1,134,3
136,YPD,protein 1,135,3
137,PDS,protein 1,136,3
138,DSN,protein 1,137,3
139,SNL,protein 1,138,3
140,NLN,protein 1,139,3
141,LNW,protein 1,140,3
142,NWN,protein 1,141,3
143,WNP,protein 1,142,3
144,NPN,protein 1,143,3
145,PNG,protein 1,144,3
146,NGD,protein 1,145,3
147,GDG,protein 1,146,3
148,DGF,protein 1,147,3
149,GFT,protein 1,148,3
150,FTY,protein 1,149,3
151,TYM,protein 1,150,3
152,YMN,protein 1,151,3
153,MNF,protein 1,152,3
154,NFP,protein 1,153,3
155,FPF,protein 1,154,3
156,PFP,protein 1,155,3
157,FPM,protein 1,156,3
158,PMF,protein 1,157,3
159,MFA,protein 1,158,3
160,FAL,protein 1,159,3
161,ALE,protein 1,160,3
162,LEL,protein 1,161,3
163,ELK,protein 1,162,3
164,LKT,protein 1,163,3
165,KTS,protein 1,164,3
166,TSI,protein 1,165,3
167,SII,protein 1,166,3
168,III,protein 1,167,3
169,IIR,protein 1,168,3
170,IRN,protein 1,169,3
171,RNL,protein 1,170,3
172,NLS,protein 1,171,3
173,LST,protein 1,172,3
174,STI,protein 1,173,3
175,TIN,protein 1,174,3
176,INR,protein 1,175,3
177,NRD,protein 1,176,3
178,RDG,protein 1,177,3
179,DGK,protein 1,178,3
180,GKY,protein 1,179,3
181,KYP,protein 1,180,3
182,YPA,protein 1,181,3
183,PAY,protein 1,182,3
184,AYG,protein 1,183,3
185,YGA,protein 1,184,3
186,GAE,protein 1,185,3
187,AEL,protein 1,186,3
188,ELD,protein 1,187,3
189,LDS,protein 1,188,3
190,DSF,protein 1,189,3
191,SFM,protein 1,190,3
192,FMQ,protein 1,191,3
193,MQG,protein 1,192,3
194,QGA,protein 1,193,3
195,GAI,protein 1,194,3
196,AIN,protein 1,195,3
197,INA,protein 1,196,3
198,NAE,protein 1,197,3
199,AET,protein 1,198,3
200,ETC,protein 1,199,3
201,TCL,protein 1,200,3
202,CLR,protein 1,201,3
203,LRR,protein 1,202,3
204,RRG,protein 1,203,3
205,RGF,protein 1,204,3
206,GFC,protein 1,205,3
207,FCE,protein 1,206,3
208,CEP,protein 1,207,3
209,EPV,protein 1,208,3
210,PVG,protein 1,209,3
211,VGG,protein 1,210,3
212,GGQ,protein 1,211,3
213,GQS,protein 1,212,3
214,QSI,protein 1,213,3
215,SIW,protein 1,214,3
216,IWS,protein 1,215,3
217,WSS,protein 1,216,3
218,SSF,protein 1,217,3
219,SFS,protein 1,218,3
220,FSE,protein 1,219,3
221,SEV,protein 1,220,3
222,EVI,protein 1,221,3
223,VID,protein 1,222,3
224,IDQ,protein 1,223,3
225,DQS,protein 1,224,3
226,QSK,protein 1,225,3
227,SKP,protein 1,226,3
228,KPI,protein 1,227,3
229,PII,protein 1,228,3
230,IIL,protein 1,229,3
231,ILV,protein 1,230,3
232,LVM,protein 1,231,3
233,VML,protein 1,232,3
234,MLP,protein 1,233,3
235,LPI,protein 1,234,3
236,PID,protein 1,235,3
237,IDA,protein 1,236,3
238,DAT,protein 1,237,3
239,ATA,protein 1,238,3
240,TAF,protein 1,239,3
241,AFF,protein 1,240,3
242,FFR,protein 1,241,3
243,FRD,protein 1,242,3
244,RDL,protein 1,243,3
245,DLA,protein 1,244,3
246,LAT,protein 1,245,3
247,ATG,protein 1,246,3
248,TGT,protein 1,247,3
249,GTD,protein 1,248,3
250,TDQ,protein 1,249,3
251,DQS,protein 1,250,3
252,QSG,protein 1,251,3
253,SGY,protein 1,252,3
254,GYA,protein 1,253,3
255,YAL,protein 1,254,3
256,ALT,protein 1,255,3
257,LTV,protein 1,256,3
258,TVL,protein 1,257,3
259,VLL,protein 1,258,3
260,LLS,protein 1,259,3
261,LSM,protein 1,260,3
262,SML,protein 1,261,3
263,MLN,protein 1,262,3
264,LNT,protein 1,263,3
265,NTL,protein 1,264,3
266,TLQ,protein 1,265,3
267,LQG,protein 1,266,3
268,QGV,protein 1,267,3
269,GVD,protein 1,268,3
270,VDK,protein 1,269,3
271,DKT,protein 1,270,3
272,KTK,protein 1,271,3
273,TKW,protein 1,272,3
274,KWD,protein 1,273,3
275,WDK,protein 1,274,3
276,DKE,protein 1,275,3
277,KEV,protein 1,276,3
278,EVI,protein 1,277,3
279,VIF,protein 1,278,3
280,IFA,protein 1,279,3
281,FAM,protein 1,280,3
282,AMW,protein 1,281,3
283,MWN,protein 1,282,3
284,WNS,protein 1,283,3
285,NSE,protein 1,284,3
286,SER,protein 1,285,3
287,ERW,protein 1,286,3
288,RWG,protein 1,287,3
289,WGY,protein 1,288,3
290,GYV,protein 1,289,3
291,YVG,protein 1,290,3
292,VGS,protein 1,291,3
293,GST,protein 1,292,3
294,STN,protein 1,293,3
295,TNF,protein 1,294,3
296,NFV,protein 1,295,3
297,FVN,protein 1,296,3
298,VND,protein 1,297,3
299,NDL,protein 1,298,3
300,DLL,protein 1,299,3
301,LLN,protein 1,300,3
302,LNF,protein 1,301,3
303,NFN,protein 1,302,3
304,FNC,protein 1,303,3
305,NCT,protein 1,304,3
306,CTS,protein 1,305,3
307,TSL,protein 1,306,3
308,SLD,protein 1,307,3
309,LDS,protein 1,308,3
310,DSN,protein 1,309,3
311,SNN,protein 1,310,3
312,NNQ,protein 1,311,3
313,NQN,protein 1,312,3
314,QNS,protein 1,313,3
315,NSC,protein 1,314,3
316,SCS,protein 1,315,3
317,CSS,protein 1,316,3
318,SSP,protein 1,317,3
319,SPP,protein 1,318,3
320,PPM,protein 1,319,3
321,PML,protein 1,320,3
322,MLD,protein 1,321,3
323,LDL,protein 1,322,3
324,DLT,protein 1,323,3
325,LTF,protein 1,324,3
326,TFE,protein 1,325,3
327,FEQ,protein 1,326,3
328,EQI,protein 1,327,3
329,QIK,protein 1,328,3
330,IKF,protein 1,329,3
331,KFE,protein 1,330,3
332,FEN,protein 1,331,3
333,ENI,protein 1,332,3
334,NIY,protein 1,333,3
335,IYA,protein 1,334,3
336,YAI,protein 1,335,3
337,AII,protein 1,336,3
338,IIE,protein 1,337,3
339,IEF,protein 1,338,3
340,EFN,protein 1,339,3
341,FNQ,protein 1,340,3
342,NQI,protein 1,341,3
343,QIG,protein 1,342,3
344,IGR,protein 1,343,3
345,GRP,protein 1,344,3
346,RPV,protein 1,345,3
347,PVN,protein 1,346,3
348,VNS,protein 1,347,3
349,NSG,protein 1,348,3
350,SGK,protein 1,349,3
351,GKK,protein 1,350,3
352,KKT,protein 1,351,3
353,KTP,protein 1,352,3
354,TPN,protein 1,353,3
355,PNK,protein 1,354,3
356,NKL,protein 1,355,3
357,KLD,protein 1,356,3
358,LDI,protein 1,357,3
359,DIY,protein 1,358,3
360,IYN,protein 1,359,3
361,YNL,protein 1,360,3
362,NLV,protein 1,361,3
363,LVF,protein 1,362,3
364,VFH,protein 1,363,3
365,FHP,protein 1,364,3
366,HPN,protein 1,365,3
367,PNG,protein 1,366,3
368,NGG,protein 1,367,3
369,GGA,protein 1,368,3
370,GAG,protein 1,369,3
371,AGA,protein 1,370,3
372,GAN,protein 1,371,3
373,ANQ,protein 1,372,3
374,NQL,protein 1,373,3
375,QLM,protein 1,374,3
376,LMD,protein 1,375,3
377,MDV,protein 1,376,3
378,DVF,protein 1,377,3
379,VFS,protein 1,378,3
380,FSQ,protein 1,379,3
381,SQS,protein 1,380,3
382,QST,protein 1,381,3
383,STQ,protein 1,382,3
384,TQS,protein 1,383,3
385,QSY,protein 1,384,3
386,SYE,protein 1,385,3
387,YEN,protein 1,386,3
388,ENS,protein 1,387,3
389,NST,protein 1,388,3
390,STI,protein 1,389,3
391,TIQ,protein 1,390,3
392,IQF,protein 1,391,3
393,QFQ,protein 1,392,3
394,FQK,protein 1,393,3
395,QKT,protein 1,394,3
396,KTT,protein 1,395,3
397,TTQ,protein 1,396,3
398,TQN,protein 1,397,3
399,QNE,protein 1,398,3
400,NEL,protein 1,399,3
401,ELP,protein 1,400,3
402,LPP,protein 1,401,3
403,PPC,protein 1,402,3
404,PCS,protein 1,403,3
405,CSS,protein 1,404,3
406,SSM,protein 1,405,3
407,SMS,protein 1,406,3
408,MSF,protein 1,407,3
409,SFI,protein 1,408,3
410,FIK,protein 1,409,3
411,IKE,protein 1,410,3
412,KEI,protein 1,411,3
413,EIN,protein 1,412,3
414,INK,protein 1,413,3
415,NKK,protein 1,414,3
416,KKS,protein 1,415,3
417,KSA,protein 1,416,3
418,SAP,protein 1,417,3
419,APN,protein 1,418,3
420,PNF,protein 1,419,3
421,NFI,protein 1,420,3
422,FIG,protein 1,421,3
423,IGT,protein 1,422,3
424,GTL,protein 1,423,3
425,TLV,protein 1,424,3
426,LVI,protein 1,425,3
427,VIT,protein 1,426,3
428,ITD,protein 1,427,3
429,TDH,protein 1,428,3
430,DHD,protein 1,429,3
431,HDY,protein 1,430,3
432,DYQ,protein 1,431,3
433,YQY,protein 1,432,3
434,QYN,protein 1,433,3
435,YNN,protein 1,434,3
436,NNP,protein 1,435,3
437,NPY,protein 1,436,3
438,PYF,protein 1,437,3
439,YFG,protein 1,438,3
440,FGD,protein 1,439,3
441,GDE,protein 1,440,3
442,DEQ,protein 1,441,3
443,EQD,protein 1,442,3
444,QDN,protein 1,443,3
445,DNS,protein 1,444,3
446,NSG,protein 1,445,3
447,SGN,protein 1,446,3
448,GNI,protein 1,447,3
449,NIN,protein 1,448,3
450,INT,protein 1,449,3
451,NTT,protein 1,450,3
452,TTT,protein 1,451,3
453,TTS,protein 1,452,3
454,TST,protein 1,453,3
455,STL,protein 1,454,3
456,TLF,protein 1,455,3
457,LFD,protein 1,456,3
458,FDM,protein 1,457,3
459,DMV,protein 1,458,3
460,MVQ,protein 1,459,3
461,VQV,protein 1,460,3
462,QVF,protein 1,461,3
463,VFS,protein 1,462,3
464,FSK,protein 1,463,3
465,SKS,protein 1,464,3
466,KSI,protein 1,465,3
467,SID,protein 1,466,3
468,IDL,protein 1,467,3
469,DLL,protein 1,468,3
470,LLA,protein 1,469,3
471,LAG,protein 1,470,3
472,AGG,protein 1,471,3
473,GGN,protein 1,472,3
474,GNG,protein 1,473,3
475,NGT,protein 1,474,3
476,GTV,protein 1,475,3
477,TVK,protein 1,476,3
478,VKV,protein 1,477,3
479,KVD,protein 1,478,3
480,VDD,protein 1,479,3
481,DDL,protein 1,480,3
482,DLF,protein 1,481,3
483,LFI,protein 1,482,3
484,FIR,protein 1,483,3
485,IRE,protein 1,484,3
486,REI,protein 1,485,3
487,EIN,protein 1,486,3
488,INV,protein 1,487,3
489,NVC,protein 1,488,3
490,VCL,protein 1,489,3
491,CLT,protein 1,490,3
492,LTQ,protein 1,491,3
493,TQS,protein 1,492,3
494,QSI,protein 1,493,3
495,SIT,protein 1,494,3
496,ITC,protein 1,495,3
497,TCN,protein 1,496,3
498,CNW,protein 1,497,3
499,NWV,protein 1,498,3
500,WVT,protein 1,499,3
501,VTK,protein 1,500,3
502,TKL,protein 1,501,3
503,KLM,protein 1,502,3
504,LMS,protein 1,503,3
505,MST,protein 1,504,3
506,STF,protein 1,505,3
507,TFP,protein 1,506,3
508,FPY,protein 1,507,3
509,PYN,protein 1,508,3
510,YNP,protein 1,509,3
511,NPI,protein 1,510,3
512,PIP,protein 1,511,3
513,IPN,protein 1,512,3
514,PNF,protein 1,513,3
515,NFY,protein 1,514,3
516,FYS,protein 1,515,3
517,YSG,protein 1,516,3
518,SGV,protein 1,517,3
519,GVY,protein 1,518,3
520,VYG,protein 1,519,3
521,YGV,protein 1,520,3
522,GVS,protein 1,521,3
523,VSP,protein 1,522,3
524,SPV,protein 1,523,3
525,PVN,protein 1,524,3
526,VNH,protein 1,525,3
527,NHI,protein 1,526,3
528,HIT,protein 1,527,3
529,ITP,protein 1,528,3
530,TPI,protein 1,529,3
531,PIE,protein 1,530,3
532,IET,protein 1,531,3
533,ETR,protein 1,532,3
534,TRF,protein 1,533,3
535,RFI,protein 1,534,3
536,FIF,protein 1,535,3
537,IFR,protein 1,536,3
538,FRM,protein 1,537,3
539,RMA,protein 1,538,3
540,MAT,protein 1,539,3
541,ATY,protein 1,540,3
542,TYL,protein 1,541,3
543,YLT,protein 1,542,3
544,LTQ,protein 1,543,3
545,TQH,protein 1,544,3
546,QHR,protein 1,545,3
547,HRT,protein 1,546,3
548,RTN,protein 1,547,3
549,TNA,protein 1,548,3
550,NAT,protein 1,549,3
551,ATN,protein 1,550,3
552,TNC,protein 1,551,3
553,NCT,protein 1,552,3
554,CTS,protein 1,553,3
555,TSD,protein 1,554,3
556,SDN,protein 1,555,3
557,DND,protein 1,556,3
558,NDC,protein 1,557,3
559,DCD,protein 1,558,3
560,CDT,protein 1,559,3
561,DTS,protein 1,560,3
562,TSS,protein 1,561,3
563,SSS,protein 1,562,3
564,SSI,protein 1,563,3
565,SIC,protein 1,564,3
566,ICV,protein 1,565,3
567,CVN,protein 1,566,3
568,VNK,protein 1,567,3
569,NKV,protein 1,568,3
570,KVC,protein 1,569,3
571,VCL,protein 1,570,3
572,CLY,protein 1,571,3
573,LYS,protein 1,572,3
574,YSN,protein 1,573,3
575,SNT,protein 1,574,3
576,NTH,protein 1,575,3
577,THY,protein 1,576,3
578,HYH,protein 1,577,3
579,YHN,protein 1,578,3
580,HNA,protein 1,579,3
581,NAI,protein 1,580,3
582,AIS,protein 1,581,3
583,ISL,protein 1,582,3
584,SLA,protein 1,583,3
585,LAF,protein 1,584,3
586,AFS,protein 1,585,3
587,FSF,protein 1,586,3
588,SFD,protein 1,587,3
589,FDN,protein 1,588,3
590,DNS,protein 1,589,3
591,NSK,protein 1,590,3
592,SKS,protein 1,591,3
593,KSS,protein 1,592,3
594,SSW,protein 1,593,3
595,SWT,protein 1,594,3
596,WTI,protein 1,595,3
597,TIV,protein 1,596,3
598,IVN,protein 1,597,3
599,VNT,protein 1,598,3
600,NTS,protein 1,599,3
601,TSY,protein 1,600,3
602,SYP,protein 1,601,3
603,YPV,protein 1,602,3
604,PVF,protein 1,603,3
605,VFV,protein 1,604,3
606,FVE,protein 1,605,3
607,VES,protein 1,606,3
608,ESN,protein 1,607,3
609,SNW,protein 1,608,3
610,NWD,protein 1,609,3
611,WDY,protein 1,610,3
612,DYT,protein 1,611,3
613,YTT,protein 1,612,3
614,TTV,protein 1,613,3
615,TVR,protein 1,614,3
616,VRL,protein 1,615,3
617,RLF,protein 1,616,3
618,LFQ,protein 1,617,3
619,FQV,protein 1,618,3
620,QVG,protein 1,619,3
621,VGS,protein 1,620,3
622,GSY,protein 1,621,3
623,SYA,protein 1,622,3
624,YAN,protein 1,623,3
625,ANE,protein 1,624,3
626,NEI,protein 1,625,3
627,EIW,protein 1,626,3
628,IWF,protein 1,627,3
629,WFL,protein 1,628,3
630,FLV,protein 1,629,3
631,LVS,protein 1,630,3
632,VSG,protein 1,631,3
633,SGL,protein 1,632,3
634,GLI,protein 1,633,3
635,LIE,protein 1,634,3
636,IEL,protein 1,635,3
637,ELL,protein 1,636,3
638,LLL,protein 1,637,3
639,LLS,protein 1,638,3
640,LSV,protein 1,639,3
641,SVG,protein 1,640,3
642,VGI,protein 1,641,3
643,GII,protein 1,642,3
644,IIF,protein 1,643,3
645,IFY,protein 1,644,3
646,FYI,protein 1,645,3
647,YIK,protein 1,646,3
648,IKK,protein 1,647,3
649,KKY,protein 1,648,3
650,KYL,protein 1,649,3
651,YLS,protein 1,650,3
652,LSK,protein 1,651,3
653,SKR,protein 1,652,3
654,KRY,protein 1,653,3
655,RYK,protein 1,654,3
656,YKL,protein 1,655,3
657,KLL,protein 1,656,3
658,MTQ,protein 2,0,3
659,TQV,protein 2,1,3
660,QVL,protein 2,2,3
661,VLF,protein 2,3,3
662,LFY,protein 2,4,3
663,FYG,protein 2,5,3
664,YGC,protein 2,6,3
665,GCL,protein 2,7,3
666,CLF,protein 2,8,3
667,LFI,protein 2,9,3
668,FIT,protein 2,10,3
669,ITF,protein 2,11,3
670,TFS,protein 2,12,3
671,FSP,protein 2,13,3
672,SPI,protein 2,14,3
673,PIL,protein 2,15,3
674,ILA,protein 2,16,3
675,LAF,protein 2,17,3
676,AFF,protein 2,18,3
677,FFF,protein 2,19,3
678,FFM,protein 2,20,3
679,FMV,protein 2,21,3
680,MVI,protein 2,22,3
681,VIA,protein 2,23,3
682,IAK,protein 2,24,3
683,AKN,protein 2,25,3
684,KNS,protein 2,26,3
685,NSQ,protein 2,27,3
686,SQL,protein 2,28,3
687,QLV,protein 2,29,3
688,LVI,protein 2,30,3
689,VIL,protein 2,31,3
690,ILT,protein 2,32,3
691,LTI,protein 2,33,3
692,TIG,protein 2,34,3
693,IGG,protein 2,35,3
694,GGS,protein 2,36,3
695,GSF,protein 2,37,3
696,SFF,protein 2,38,3
697,FFW,protein 2,39,3
698,FWL,protein 2,40,3
699,WLV,protein 2,41,3
700,LVS,protein 2,42,3
701,VSI,protein 2,43,3
702,SIL,protein 2,44,3
703,ILI,protein 2,45,3
704,LIA,protein 2,46,3
705,IAA,protein 2,47,3
706,AAI,protein 2,48,3
707,AIW,protein 2,49,3
708,IWW,protein 2,50,3
709,WWY,protein 2,51,3
710,WYI,protein 2,52,3
711,YII,protein 2,53,3
712,IIP,protein 2,54,3
713,IPP,protein 2,55,3
714,PPM,protein 2,56,3
715,PMR,protein 2,57,3
716,MRE,protein 2,58,3
717,REH,protein 2,59,3
718,EHW,protein 2,60,3
719,HWW,protein 2,61,3
720,WWF,protein 2,62,3
721,WFI,protein 2,63,3
722,FII,protein 2,64,3
723,IIS,protein 2,65,3
724,ISF,protein 2,66,3
725,SFS,protein 2,67,3
726,FSV,protein 2,68,3
727,SVL,protein 2,69,3
728,VLF,protein 2,70,3
729,LFQ,protein 2,71,3
730,FQE,protein 2,72,3
731,QEI,protein 2,73,3
732,EIF,protein 2,74,3
733,IFR,protein 2,75,3
734,FRY,protein 2,76,3
735,RYI,protein 2,77,3
736,YIF,protein 2,78,3
737,IFF,protein 2,79,3
738,FFR,protein 2,80,3
739,FRL,protein 2,81,3
740,RLY,protein 2,82,3
741,LYS,protein 2,83,3
742,YSY,protein 2,84,3
743,SYG,protein 2,85,3
744,YGF,protein 2,86,3
745,GFN,protein 2,87,3
746,FND,protein 2,88,3
747,NDR,protein 2,89,3
748,DRP,protein 2,90,3
749,RPS,protein 2,91,3
750,PSL,protein 2,92,3
751,SLN,protein 2,93,3
752,LNQ,protein 2,94,3
753,NQI,protein 2,95,3
754,QIK,protein 2,96,3
755,IKE,protein 2,97,3
756,KET,protein 2,98,3
757,ETQ,protein 2,99,3
758,TQH,protein 2,100,3
759,QHQ,protein 2,101,3
760,HQM,protein 2,102,3
761,QMA,protein 2,103,3
762,MAL,protein 2,104,3
763,ALD,protein 2,105,3
764,LDS,protein 2,106,3
765,DSM,protein 2,107,3
766,SMR,protein 2,108,3
767,MRK,protein 2,109,3
768,RKR,protein 2,110,3
769,KRK,protein 2,111,3
770,RKQ,protein 2,112,3
771,KQA,protein 2,113,3
772,QAQ,protein 2,114,3
773,AQQ,protein 2,115,3
774,QQQ,protein 2,116,3
775,QQK,protein 2,117,3
776,QKQ,protein 2,118,3
777,KQQ,protein 2,119,3
778,QQP,protein 2,120,3
779,QPP,protein 2,121,3
780,PPT,protein 2,122,3
781,PTN,protein 2,123,3
782,TNE,protein 2,124,3
783,NEI,protein 2,125,3
784,EIE,protein 2,126,3
785,IES,protein 2,127,3
786,ESI,protein 2,128,3
787,SIN,protein 2,129,3
788,INN,protein 2,130,3
789,NNE,protein 2,131,3
790,NEI,protein 2,132,3
791,EII,protein 2,133,3
792,IID,protein 2,134,3
793,IDT,protein 2,135,3
794,DTT,protein 2,136,3
795,TTN,protein 2,137,3
796,TNN,protein 2,138,3
797,NNN,protein 2,139,3
798,NNT,protein 2,140,3
799,NTN,protein 2,141,3
800,TNN,protein 2,142,3
801,NNN,protein 2,143,3
802,NNN,protein 2,144,3
803,NNN,protein 2,145,3
804,NNN,protein 2,146,3
805,NNN,protein 2,147,3
806,NNN,protein 2,148,3
807,NNN,protein 2,149,3
808,NNI,protein 2,150,3
809,NIN,protein 2,151,3
810,IND,protein 2,152,3
811,NDD,protein 2,153,3
812,DDD,protein 2,154,3
813,DDN,protein 2,155,3
814,DNK,protein 2,156,3
815,NKE,protein 2,157,3
816,KEI,protein 2,158,3
817,EIT,protein 2,159,3
818,ITE,protein 2,160,3
819,TEE,protein 2,161,3
820,EEE,protein 2,162,3
821,EEK,protein 2,163,3
822,EKE,protein 2,164,3
823,KEK,protein 2,165,3
824,EKR,protein 2,166,3
825,KRK,protein 2,167,3
826,RKI,protein 2,168,3
827,KIE,protein 2,169,3
828,IEK,protein 2,170,3
829,EKQ,protein 2,171,3
830,KQK,protein 2,172,3
831,QKQ,protein 2,173,3
832,KQR,protein 2,174,3
833,QRE,protein 2,175,3
834,REI,protein 2,176,3
835,EIE,protein 2,177,3
836,IEI,protein 2,178,3
837,EIN,protein 2,179,3
838,INA,protein 2,180,3
839,NAR,protein 2,181,3
840,ARL,protein 2,182,3
841,RLE,protein 2,183,3
842,LET,protein 2,184,3
843,ETL,protein 2,185,3
844,TLS,protein 2,186,3
845,LSA,protein 2,187,3
846,SAR,protein 2,188,3
847,ARP,protein 2,189,3
848,RPN,protein 2,190,3
849,PNH,protein 2,191,3
850,NHT,protein 2,192,3
851,HTL,protein 2,193,3
852,TLS,protein 2,194,3
853,LSS,protein 2,195,3
854,SSA,protein 2,196,3
855,SAA,protein 2,197,3
856,AAI,protein 2,198,3
857,AIG,protein 2,199,3
858,IGV,protein 2,200,3
859,GVG,protein 2,201,3
860,VGS,protein 2,202,3
861,GSG,protein 2,203,3
862,SGV,protein 2,204,3
863,GVA,protein 2,205,3
864,VAY,protein 2,206,3
865,AYG,protein 2,207,3
866,YGF,protein 2,208,3
867,GFI,protein 2,209,3
868,FIM,protein 2,210,3
869,IMF,protein 2,211,3
870,MFG,protein 2,212,3
871,FGS,protein 2,213,3
872,GSI,protein 2,214,3
873,SIL,protein 2,215,3
874,ILW,protein 2,216,3
875,LWE,protein 2,217,3
876,WES,protein 2,218,3
877,EST,protein 2,219,3
878,STG,protein 2,220,3
879,TGP,protein 2,221,3
880,GPG,protein 2,222,3
881,PGT,protein 2,223,3
882,GTL,protein 2,224,3
883,TLF,protein 2,225,3
884,LFS,protein 2,226,3
885,FSP,protein 2,227,3
886,SPA,protein 2,228,3
887,PAC,protein 2,229,3
888,ACP,protein 2,230,3
889,CPS,protein 2,231,3
890,PSV,protein 2,232,3
891,SVN,protein 2,233,3
892,VNL,protein 2,234,3
893,NLF,protein 2,235,3
894,LFM,protein 2,236,3
895,FML,protein 2,237,3
896,MLS,protein 2,238,3
897,LSS,protein 2,239,3
898,SSI,protein 2,240,3
899,SII,protein 2,241,3
900,IIT,protein 2,242,3
901,ITL,protein 2,243,3
902,TLF,protein 2,244,3
903,LFM,protein 2,245,3
904,FMT,protein 2,246,3
905,MTL,protein 2,247,3
906,TLL,protein 2,248,3
907,LLH,protein 2,249,3
908,LHV,protein 2,250,3
909,HVV,protein 2,251,3
910,VVY,protein 2,252,3
911,VYN,protein 2,253,3
912,YNV,protein 2,254,3
913,NVL,protein 2,255,3
914,VLA,protein 2,256,3
915,LAF,protein 2,257,3
916,AFQ,protein 2,258,3
917,FQG,protein 2,259,3
918,QGY,protein 2,260,3
919,GYR,protein 2,261,3
920,YRS,protein 2,262,3
921,RSK,protein 2,263,3
922,SKK,protein 2,264,3
923,KKY,protein 2,265,3
924,KYH,protein 2,266,3
925,YHL,protein 2,267,3
926,HLV,protein 2,268,3
927,LVA,protein 2,269,3
928,VAF,protein 2,270,3
929,AFV,protein 2,271,3
930,FVI,protein 2,272,3
931,VII,protein 2,273,3
932,IIT,protein 2,274,3
933,ITH,protein 2,275,3
934,THF,protein 2,276,3
935,HFV,protein 2,277,3
936,FVT,protein 2,278,3
937,VTT,protein 2,279,3
938,TTY,protein 2,280,3
939,TYL,protein 2,281,3
940,YLT,protein 2,282,3
941,LTL,protein 2,283,3
942,TLL,protein 2,284,3
943,LLN,protein 2,285,3
944,LNL,protein 2,286,3
945,NLP,protein 2,287,3
946,LPT,protein 2,288,3
947,PTK,protein 2,289,3
948,TKT,protein 2,290,3
949,KTT,protein 2,291,3
950,TTS,protein 2,292,3
951,TSC,protein 2,293,3
952,SCV,protein 2,294,3
953,CVG,protein 2,295,3
954,VGS,protein 2,296,3
955,GSI,protein 2,297,3
956,SIL,protein 2,298,3
957,ILP,protein 2,299,3
958,LPI,protein 2,300,3
959,PIG,protein 2,301,3
960,IGI,protein 2,302,3
961,GII,protein 2,303,3
962,IIT,protein 2,304,3
963,ITV,protein 2,305,3
964,TVF,protein 2,306,3
965,VFS,protein 2,307,3
966,FSV,protein 2,308,3
967,SVG,protein 2,309,3
968,VGF,protein 2,310,3
969,GFC,protein 2,311,3
970,FCI,protein 2,312,3
971,CIF,protein 2,313,3
972,IFS,protein 2,314,3
973,FSL,protein 2,315,3
974,SLL,protein 2,316,3
975,LLK,protein 2,317,3
976,LKS,protein 2,318,3
977,KSD,protein 2,319,3
978,SDS,protein 2,320,3
979,DSI,protein 2,321,3
980,SIT,protein 2,322,3
981,ITK,protein 2,323,3
982,TKI,protein 2,324,3
983,KIH,protein 2,325,3
984,MTV,protein 3,0,3
985,TVL,protein 3,1,3
986,VLT,protein 3,2,3
987,LTA,protein 3,3,3
988,TAF,protein 3,4,3
989,AFA,protein 3,5,3
990,FAY,protein 3,6,3
991,AYG,protein 3,7,3
992,YGI,protein 3,8,3
993,GIY,protein 3,9,3
994,IYT,protein 3,10,3
995,YTF,protein 3,11,3
996,TFG,protein 3,12,3
997,FGP,protein 3,13,3
998,GPP,protein 3,14,3
999,PPV,protein 3,15,3
1000,PVA,protein 3,16,3
1001,VAL,protein 3,17,3
1002,ALF,protein 3,18,3
1003,LFF,protein 3,19,3
1004,FFV,protein 3,20,3
1005,FVT,protein 3,21,3
1006,VTV,protein 3,22,3
1007,TVA,protein 3,23,3
1008,VAR,protein 3,24,3
1009,ARH,protein 3,25,3
1010,RHP,protein 3,26,3
1011,HPH,protein 3,27,3
1012,PHE,protein 3,28,3
1013,HEI,protein 3,29,3
1014,EII,protein 3,30,3
1015,IIT,protein 3,31,3
1016,ITM,protein 3,32,3
1017,TMI,protein 3,33,3
1018,MIL,protein 3,34,3
1019,ILG,protein 3,35,3
1020,LGA,protein 3,36,3
1021,GAF,protein 3,37,3
1022,AFF,protein 3,38,3
1023,FFW,protein 3,39,3
1024,FWL,protein 3,40,3
1025,WLL,protein 3,41,3
1026,LLA,protein 3,42,3
1027,LAL,protein 3,43,3
1028,ALL,protein 3,44,3
1029,LLF,protein 3,45,3
1030,LFA,protein 3,46,3
1031,FAS,protein 3,47,3
1032,ASL,protein 3,48,3
1033,SLV,protein 3,49,3
1034,LVW,protein 3,50,3
1035,VWI,protein 3,51,3
1036,WII,protein 3,52,3
1037,IIV,protein 3,53,3
1038,IVI,protein 3,54,3
1039,VIP,protein 3,55,3
1040,IPL,protein 3,56,3
1041,PLK,protein 3,57,3
1042,LKD,protein 3,58,3
1043,KDT,protein 3,59,3
1044,DTP,protein 3,60,3
1045,TPA,protein 3,61,3
1046,PAF,protein 3,62,3
1047,AFT,protein 3,63,3
1048,FTL,protein 3,64,3
1049,TLP,protein 3,65,3
1050,LPI,protein 3,66,3
1051,PIS,protein 3,67,3
1052,ISV,protein 3,68,3
1053,SVI,protein 3,69,3
1054,VIL,protein 3,70,3
1055,ILQ,protein 3,71,3
1056,LQE,protein 3,72,3
1057,QEV,protein 3,73,3
1058,EVF,protein 3,74,3
1059,VFR,protein 3,75,3
1060,FRW,protein 3,76,3
1061,RWL,protein 3,77,3
1062,WLY,protein 3,78,3
1063,LYF,protein 3,79,3
1064,YFK,protein 3,80,3
1065,FKL,protein 3,81,3
1066,KLL,protein 3,82,3
1067,LLK,protein 3,83,3
1068,LKK,protein 3,84,3
1069,KKA,protein 3,85,3
1070,KAD,protein 3,86,3
1071,ADH,protein 3,87,3
1072,DHL,protein 3,88,3
1073,HLL,protein 3,89,3
1074,LLE,protein 3,90,3
1075,LEI,protein 3,91,3
1076,EIV,protein 3,92,3
1077,IVS,protein 3,93,3
1078,VSE,protein 3,94,3
1079,SED,protein 3,95,3
1080,EDK,protein 3,96,3
1081,DKS,protein 3,97,3
1082,KSD,protein 3,98,3
1083,SDL,protein 3,99,3
1084,DLR,protein 3,100,3
1085,LRK,protein 3,101,3
1086,RKH,protein 3,102,3
1087,KHK,protein 3,103,3
1088,HKI,protein 3,104,3
1089,KIA,protein 3,105,3
1090,IAY,protein 3,106,3
1091,AYV,protein 3,107,3
1092,YVG,protein 3,108,3
1093,VGG,protein 3,109,3
1094,GGL,protein 3,110,3
1095,GLG,protein 3,111,3
1096,LGF,protein 3,112,3
1097,GFG,protein 3,113,3
1098,FGL,protein 3,114,3
1099,GLI,protein 3,115,3
1100,LIA,protein 3,116,3
1101,IAG,protein 3,117,3
1102,AGI,protein 3,118,3
1103,GIV,protein 3,119,3
1104,IVM,protein 3,120,3
1105,VMF,protein 3,121,3
1106,MFA,protein 3,122,3
1107,FAN,protein 3,123,3
1108,ANV,protein 3,124,3
1109,NVL,protein 3,125,3
1110,VLS,protein 3,126,3
1111,LSV,protein 3,127,3
1112,SVA,protein 3,128,3
1113,VAS,protein 3,129,3
1114,ASG,protein 3,130,3
1115,SGP,protein 3,131,3
1116,GPG,protein 3,132,3
1117,PGT,protein 3,133,3
1118,GTV,protein 3,134,3
1119,TVR,protein 3,135,3
1120,VRS,protein 3,136,3
1121,RSN,protein 3,137,3
1122,SNQ,protein 3,138,3
1123,NQY,protein 3,139,3
1124,QYF,protein 3,140,3
1125,YFV,protein 3,141,3
1126,FVT,protein 3,142,3
1127,VTV,protein 3,143,3
1128,TVS,protein 3,144,3
1129,VSA,protein 3,145,3
1130,SAF,protein 3,146,3
1131,AFS,protein 3,147,3
1132,FST,protein 3,148,3
1133,STQ,protein 3,149,3
1134,TQV,protein 3,150,3
1135,QVM,protein 3,151,3
1136,VMI,protein 3,152,3
1137,MII,protein 3,153,3
1138,IIL,protein 3,154,3
1139,ILH,protein 3,155,3
1140,LHI,protein 3,156,3
1141,HIC,protein 3,157,3
1142,ICW,protein 3,158,3
1143,CWG,protein 3,159,3
1144,WGV,protein 3,160,3
1145,GVI,protein 3,161,3
1146,VIF,protein 3,162,3
1147,IFF,protein 3,163,3
1148,FFA,protein 3,164,3
1149,FAG,protein 3,165,3
1150,AGL,protein 3,166,3
1151,GLE,protein 3,167,3
1152,LES,protein 3,168,3
1153,ESK,protein 3,169,3
1154,SKN,protein 3,170,3
1155,KNW,protein 3,171,3
1156,NWL,protein 3,172,3
1157,WLY,protein 3,173,3
1158,LYI,protein 3,174,3
1159,YIF,protein 3,175,3
1160,IFA,protein 3,176,3
1161,FAV,protein 3,177,3
1162,AVP,protein 3,178,3
1163,VPI,protein 3,179,3
1164,PIS,protein 3,180,3
1165,ISH,protein 3,181,3
1166,SHM,protein 3,182,3
1167,HMF,protein 3,183,3
1168,MFI,protein 3,184,3
1169,FIS,protein 3,185,3
1170,ISC,protein 3,186,3
1171,SCL,protein 3,187,3
1172,CLS,protein 3,188,3
1173,LSL,protein 3,189,3
1174,SLL,protein 3,190,3
1175,LLI,protein 3,191,3
1176,LIN,protein 3,192,3
1177,INL,protein 3,193,3
1178,NLA,protein 3,194,3
1179,LAN,protein 3,195,3
1180,ANT,protein 3,196,3
1181,NTP,protein 3,197,3
1182,TPA,protein 3,198,3
1183,PAY,protein 3,199,3
1184,AYF,protein 3,200,3
1185,YFL,protein 3,201,3
1186,FLS,protein 3,202,3
1187,LSF,protein 3,203,3
1188,SFG,protein 3,204,3
1189,FGY,protein 3,205,3
1190,GYF,protein 3,206,3
1191,YFL,protein 3,207,3
1192,FLC,protein 3,208,3
1193,LCV,protein 3,209,3
1194,CVV,protein 3,210,3
1195,VVF,protein 3,211,3
1196,VFV,protein 3,212,3
1197,FVA,protein 3,213,3
1198,VAL,protein 3,214,3
1199,ALA,protein 3,215,3
1200,LAF,protein 3,216,3
1201,AFF,protein 3,217,3
1202,FFA,protein 3,218,3
1203,FAA,protein 3,219,3
1204,AAG,protein 3,220,3
1205,AGA,protein 3,221,3
1206,GAR,protein 3,222,3
1207,ARP,protein 3,223,3
1208,RPK,protein 3,224,3
1209,PKT,protein 3,225,3
1210,KTL,protein 3,226,3
1211,TLV,protein 3,227,3
1212,LVD,protein 3,228,3
1213,VDF,protein 3,229,3
1214,DFF,protein 3,230,3
1215,FFK,protein 3,231,3
1216,FKR,protein 3,232,3
1217,MAM,protein 4,0,3
1218,AMG,protein 4,1,3
1219,MGL,protein 4,2,3
1220,GLI,protein 4,3,3
1221,LIR,protein 4,4,3
1222,IRL,protein 4,5,3
1223,RLL,protein 4,6,3
1224,LLS,protein 4,7,3
1225,LSI,protein 4,8,3
1226,SIA,protein 4,9,3
1227,IAF,protein 4,10,3
1228,AFT,protein 4,11,3
1229,FTL,protein 4,12,3
1230,TLV,protein 4,13,3
1231,LVL,protein 4,14,3
1232,VLL,protein 4,15,3
1233,LLS,protein 4,16,3
1234,LSI,protein 4,17,3
1235,SIL,protein 4,18,3
1236,ILP,protein 4,19,3
1237,LPL,protein 4,20,3
1238,PLH,protein 4,21,3
1239,LHL,protein 4,22,3
1240,HLS,protein 4,23,3
1241,LSL,protein 4,24,3
1242,SLA,protein 4,25,3
1243,LAD,protein 4,26,3
1244,ADE,protein 4,27,3
1245,DEI,protein 4,28,3
1246,EIT,protein 4,29,3
1247,ITS,protein 4,30,3
1248,TSI,protein 4,31,3
1249,SIE,protein 4,32,3
1250,IES,protein 4,33,3
1251,ESV,protein 4,34,3
1252,SVP,protein 4,35,3
1253,VPD,protein 4,36,3
1254,PDL,protein 4,37,3
1255,DLQ,protein 4,38,3
1256,LQK,protein 4,39,3
1257,QKL,protein 4,40,3
1258,KLM,protein 4,41,3
1259,LMY,protein 4,42,3
1260,MYV,protein 4,43,3
1261,YVA,protein 4,44,3
1262,VAV,protein 4,45,3
1263,AVD,protein 4,46,3
1264,VDG,protein 4,47,3
1265,DGF,protein 4,48,3
1266,GFP,protein 4,49,3
1267,FPC,protein 4,50,3
1268,PCV,protein 4,51,3
1269,CVR,protein 4,52,3
1270,VRL,protein 4,53,3
1271,RLL,protein 4,54,3
1272,LLN,protein 4,55,3
1273,LNL,protein 4,56,3
1274,NLS,protein 4,57,3
1275,LSG,protein 4,58,3
1276,SGE,protein 4,59,3
1277,GEI,protein 4,60,3
1278,EIG,protein 4,61,3
1279,IGC,protein 4,62,3
1280,GCS,protein 4,63,3
1281,CSN,protein 4,64,3
1282,SNP,protein 4,65,3
1283,NPG,protein 4,66,3
1284,PGI,protein 4,67,3
1285,GIN,protein 4,68,3
1286,INK,protein 4,69,3
1287,NKV,protein 4,70,3
1288,KVV,protein 4,71,3
1289,VVA,protein 4,72,3
1290,VAP,protein 4,73,3
1291,API,protein 4,74,3
1292,PII,protein 4,75,3
1293,IIK,protein 4,76,3
1294,IKL,protein 4,77,3
1295,KLK,protein 4,78,3
1296,LKD,protein 4,79,3
1297,KDV,protein 4,80,3
1298,DVK,protein 4,81,3
1299,VKD,protein 4,82,3
1300,KDL,protein 4,83,3
1301,DLV,protein 4,84,3
1302,LVQ,protein 4,85,3
1303,VQP,protein 4,86,3
1304,QPH,protein 4,87,3
1305,PHT,protein 4,88,3
1306,HTI,protein 4,89,3
1307,TIL,protein 4,90,3
1308,ILV,protein 4,91,3
1309,LVT,protein 4,92,3
1310,VTA,protein 4,93,3
1311,TAD,protein 4,94,3
1312,ADE,protein 4,95,3
1313,DEM,protein 4,96,3
1314,EME,protein 4,97,3
1315,MED,protein 4,98,3
1316,EDF,protein 4,99,3
1317,DFF,protein 4,100,3
1318,FFT,protein 4,101,3
1319,FTR,protein 4,102,3
1320,TRV,protein 4,103,3
1321,RVS,protein 4,104,3
1322,VST,protein 4,105,3
1323,STD,protein 4,106,3
1324,TDL,protein 4,107,3
1325,DLS,protein 4,108,3
1326,LSF,protein 4,109,3
1327,SFA,protein 4,110,3
1328,FAS,protein 4,111,3
1329,ASK,protein 4,112,3
1330,SKI,protein 4,113,3
1331,KIG,protein 4,114,3
1332,IGG,protein 4,115,3
1333,GGV,protein 4,116,3
1334,GVL,protein 4,117,3
1335,VLV,protein 4,118,3
1336,LVE,protein 4,119,3
1337,VES,protein 4,120,3
1338,ESG,protein 4,121,3
1339,SGS,protein 4,122,3
1340,GSN,protein 4,123,3
1341,SNF,protein 4,124,3
1342,NFQ,protein 4,125,3
1343,FQQ,protein 4,126,3
1344,QQK,protein 4,127,3
1345,QKL,protein 4,128,3
1346,KLK,protein 4,129,3
1347,LKG,protein 4,130,3
1348,KGF,protein 4,131,3
1349,GFS,protein 4,132,3
1350,FSP,protein 4,133,3
1351,SPD,protein 4,134,3
1352,PDK,protein 4,135,3
1353,DKR,protein 4,136,3
1354,KRF,protein 4,137,3
1355,RFP,protein 4,138,3
1356,FPQ,protein 4,139,3
1357,PQA,protein 4,140,3
1358,QAQ,protein 4,141,3
1359,AQF,protein 4,142,3
1360,QFS,protein 4,143,3
1361,FSP,protein 4,144,3
1362,SPY,protein 4,145,3
1363,PYE,protein 4,146,3
1364,YEN,protein 4,147,3
1365,ENV,protein 4,148,3
1366,NVE,protein 4,149,3
1367,VEY,protein 4,150,3
1368,EYK,protein 4,151,3
1369,YKW,protein 4,152,3
1370,KWN,protein 4,153,3
1371,WNS,protein 4,154,3
1372,NSA,protein 4,155,3
1373,SAA,protein 4,156,3
1374,AAS,protein 4,157,3
1375,ASS,protein 4,158,3
1376,SSI,protein 4,159,3
1377,SIM,protein 4,160,3
1378,IMW,protein 4,161,3
1379,MWR,protein 4,162,3
1380,WRN,protein 4,163,3
1381,RNY,protein 4,164,3
1382,NYN,protein 4,165,3
1383,YNF,protein 4,166,3
1384,NFP,protein 4,167,3
1385,FPV,protein 4,168,3
1386,PVY,protein 4,169,3
1387,VYL,protein 4,170,3
1388,YLL,protein 4,171,3
1389,LLS,protein 4,172,3
1390,LSE,protein 4,173,3
1391,SES,protein 4,174,3
1392,ESG,protein 4,175,3
1393,SGI,protein 4,176,3
1394,GIS,protein 4,177,3
1395,ISA,protein 4,178,3
1396,SAV,protein 4,179,3
1397,AVH,protein 4,180,3
1398,VHE,protein 4,181,3
1399,HEI,protein 4,182,3
1400,EIL,protein 4,183,3
1401,ILS,protein 4,184,3
1402,LSK,protein 4,185,3
1403,SKK,protein 4,186,3
1404,KKK,protein 4,187,3
1405,KKM,protein 4,188,3
1406,KMK,protein 4,189,3
1407,MKH,protein 4,190,3
1408,KHG,protein 4,191,3
1409,HGT,protein 4,192,3
1410,GTY,protein 4,193,3
1411,TYT,protein 4,194,3
1412,YTS,protein 4,195,3
1413,TSD,protein 4,196,3
1414,SDV,protein 4,197,3
1415,DVA,protein 4,198,3
1416,VAE,protein 4,199,3
1417,AEF,protein 4,200,3
1418,EFN,protein 4,201,3
1419,FNM,protein 4,202,3
1420,NMV,protein 4,203,3
1421,MVM,protein 4,204,3
1422,VME,protein 4,205,3
1423,MET,protein 4,206,3
1424,ETT,protein 4,207,3
1425,TTK,protein 4,208,3
1426,TKA,protein 4,209,3
1427,KAG,protein 4,210,3
1428,AGT,protein 4,211,3
1429,GTH,protein 4,212,3
1430,THN,protein 4,213,3
1431,HNS,protein 4,214,3
1432,NSE,protein 4,215,3
1433,SEA,protein 4,216,3
1434,EAC,protein 4,217,3
1435,ACL,protein 4,218,3
1436,CLQ,protein 4,219,3
1437,LQE,protein 4,220,3
1438,QEG,protein 4,221,3
1439,EGT,protein 4,222,3
1440,GTC,protein 4,223,3
1441,TCL,protein 4,224,3
1442,CLP,protein 4,225,3
1443,LPL,protein 4,226,3
1444,PLG,protein 4,227,3
1445,LGG,protein 4,228,3
1446,GGY,protein 4,229,3
1447,GYS,protein 4,230,3
1448,YSV,protein 4,231,3
1449,SVW,protein 4,232,3
1450,VWS,protein 4,233,3
1451,WSS,protein 4,234,3
1452,SSL,protein 4,235,3
1453,SLP,protein 4,236,3
1454,LPP,protein 4,237,3
1455,PPI,protein 4,238,3
1456,PIS,protein 4,239,3
1457,ISV,protein 4,240,3
1458,SVS,protein 4,241,3
1459,VSS,protein 4,242,3
1460,SSS,protein 4,243,3
1461,SSN,protein 4,244,3
1462,SNN,protein 4,245,3
1463,NNR,protein 4,246,3
1464,NRK,protein 4,247,3
1465,RKP,protein 4,248,3
1466,KPV,protein 4,249,3
1467,PVV,protein 4,250,3
1468,VVL,protein 4,251,3
1469,VLT,protein 4,252,3
1470,LTV,protein 4,253,3
1471,TVA,protein 4,254,3
1472,VAS,protein 4,255,3
1473,ASM,protein 4,256,3
1474,SMD,protein 4,257,3
1475,MDT,protein 4,258,3
1476,DTA,protein 4,259,3
1477,TAS,protein 4,260,3
1478,ASF,protein 4,261,3
1479,SFF,protein 4,262,3
1480,FFR,protein 4,263,3
1481,FRD,protein 4,264,3
1482,RDK,protein 4,265,3
1483,DKS,protein 4,266,3
1484,KSF,protein 4,267,3
1485,SFG,protein 4,268,3
1486,FGA,protein 4,269,3
1487,GAD,protein 4,270,3
1488,ADS,protein 4,271,3
1489,DSP,protein 4,272,3
1490,SPI,protein 4,273,3
1491,PIS,protein 4,274,3
1492,ISG,protein 4,275,3
1493,SGL,protein 4,276,3
1494,GLV,protein 4,277,3
1495,LVA,protein 4,278,3
1496,VAL,protein 4,279,3
1497,ALL,protein 4,280,3
1498,LLG,protein 4,281,3
1499,LGA,protein 4,282,3
1500,GAV,protein 4,283,3
1501,AVD,protein 4,284,3
1502,VDA,protein 4,285,3
1503,DAL,protein 4,286,3
1504,ALS,protein 4,287,3
1505,LSR,protein 4,288,3
1506,SRV,protein 4,289,3
1507,RVD,protein 4,290,3
1508,VDG,protein 4,291,3
1509,DGI,protein 4,292,3
1510,GIS,protein 4,293,3
1511,ISN,protein 4,294,3
1512,SNL,protein 4,295,3
1513,NLK,protein 4,296,3
1514,LKK,protein 4,297,3
1515,KKQ,protein 4,298,3
1516,KQL,protein 4,299,3
1517,QLV,protein 4,300,3
1518,LVF,protein 4,301,3
1519,VFL,protein 4,302,3
1520,FLV,protein 4,303,3
1521,LVL,protein 4,304,3
1522,VLT,protein 4,305,3
1523,LTG,protein 4,306,3
1524,TGE,protein 4,307,3
1525,GET,protein 4,308,3
1526,ETW,protein 4,309,3
1527,TWG,protein 4,310,3
1528,WGY,protein 4,311,3
1529,GYL,protein 4,312,3
1530,YLG,protein 4,313,3
1531,LGS,protein 4,314,3
1532,GSR,protein 4,315,3
1533,SRR,protein 4,316,3
1534,RRF,protein 4,317,3
1535,RFL,protein 4,318,3
1536,FLH,protein 4,319,3
1537,LHE,protein 4,320,3
1538,HEL,protein 4,321,3
1539,ELD,protein 4,322,3
1540,LDL,protein 4,323,3
1541,DLH,protein 4,324,3
1542,LHS,protein 4,325,3
1543,HSD,protein 4,326,3
1544,SDA,protein 4,327,3
1545,DAV,protein 4,328,3
1546,AVA,protein 4,329,3
1547,VAG,protein 4,330,3
1548,AGL,protein 4,331,3
1549,GLS,protein 4,332,3
1550,LSN,protein 4,333,3
1551,SNT,protein 4,334,3
1552,NTS,protein 4,335,3
1553,TSI,protein 4,336,3
1554,SIE,protein 4,337,3
1555,IET,protein 4,338,3
1556,ETV,protein 4,339,3
1557,TVL,protein 4,340,3
1558,VLE,protein 4,341,3
1559,LEI,protein 4,342,3
1560,EIG,protein 4,343,3
1561,IGS,protein 4,344,3
1562,GSV,protein 4,345,3
1563,SVG,protein 4,346,3
1564,VGK,protein 4,347,3
1565,GKG,protein 4,348,3
1566,KGL,protein 4,349,3
1567,GLS,protein 4,350,3
1568,LSG,protein 4,351,3
1569,SGG,protein 4,352,3
1570,GGI,protein 4,353,3
1571,GIN,protein 4,354,3
1572,INT,protein 4,355,3
1573,NTF,protein 4,356,3
1574,TFF,protein 4,357,3
1575,FFA,protein 4,358,3
1576,FAH,protein 4,359,3
1577,AHK,protein 4,360,3
1578,HKT,protein 4,361,3
1579,KTR,protein 4,362,3
1580,TRV,protein 4,363,3
1581,RVS,protein 4,364,3
1582,VSS,protein 4,365,3
1583,SSV,protein 4,366,3
1584,SVT,protein 4,367,3
1585,VTN,protein 4,368,3
1586,TNM,protein 4,369,3
1587,NMT,protein 4,370,3
1588,MTL,protein 4,371,3
1589,TLD,protein 4,372,3
1590,LDA,protein 4,373,3
1591,DAL,protein 4,374,3
1592,ALK,protein 4,375,3
1593,LKI,protein 4,376,3
1594,KIA,protein 4,377,3
1595,IAQ,protein 4,378,3
1596,AQD,protein 4,379,3
1597,QDS,protein 4,380,3
1598,DSL,protein 4,381,3
1599,SLA,protein 4,382,3
1600,LAS,protein 4,383,3
1601,ASK,protein 4,384,3
1602,SKN,protein 4,385,3
1603,KNI,protein 4,386,3
1604,NIK,protein 4,387,3
1605,IKI,protein 4,388,3
1606,KIL,protein 4,389,3
1607,ILS,protein 4,390,3
1608,LSA,protein 4,391,3
1609,SAD,protein 4,392,3
1610,ADT,protein 4,393,3
1611,DTA,protein 4,394,3
1612,TAN,protein 4,395,3
1613,ANP,protein 4,396,3
1614,NPG,protein 4,397,3
1615,PGI,protein 4,398,3
1616,GIP,protein 4,399,3
1617,IPP,protein 4,400,3
1618,PPS,protein 4,401,3
1619,PSS,protein 4,402,3
1620,SSL,protein 4,403,3
1621,SLM,protein 4,404,3
1622,LMA,protein 4,405,3
1623,MAF,protein 4,406,3
1624,AFM,protein 4,407,3
1625,FMR,protein 4,408,3
1626,MRK,protein 4,409,3
1627,RKN,protein 4,410,3
1628,KNP,protein 4,411,3
1629,NPQ,protein 4,412,3
1630,PQT,protein 4,413,3
1631,QTS,protein 4,414,3
1632,TSA,protein 4,415,3
1633,SAV,protein 4,416,3
1634,AVV,protein 4,417,3
1635,VVL,protein 4,418,3
1636,VLE,protein 4,419,3
1637,LED,protein 4,420,3
1638,EDF,protein 4,421,3
1639,DFD,protein 4,422,3
1640,FDT,protein 4,423,3
1641,DTN,protein 4,424,3
1642,TNF,protein 4,425,3
1643,NFV,protein 4,426,3
1644,FVN,protein 4,427,3
1645,VNK,protein 4,428,3
1646,NKF,protein 4,429,3
1647,KFY,protein 4,430,3
1648,FYH,protein 4,431,3
1649,YHS,protein 4,432,3
1650,HSH,protein 4,433,3
1651,SHL,protein 4,434,3
1652,HLD,protein 4,435,3
1653,LDD,protein 4,436,3
1654,DDL,protein 4,437,3
1655,DLS,protein 4,438,3
1656,LSN,protein 4,439,3
1657,SNI,protein 4,440,3
1658,NIN,protein 4,441,3
1659,INS,protein 4,442,3
1660,NSS,protein 4,443,3
1661,SSS,protein 4,444,3
1662,SSV,protein 4,445,3
1663,SVV,protein 4,446,3
1664,VVA,protein 4,447,3
1665,VAA,protein 4,448,3
1666,AAA,protein 4,449,3
1667,AAS,protein 4,450,3
1668,ASV,protein 4,451,3
1669,SVV,protein 4,452,3
1670,VVA,protein 4,453,3
1671,VAR,protein 4,454,3
1672,ART,protein 4,455,3
1673,RTL,protein 4,456,3
1674,TLY,protein 4,457,3
1675,LYI,protein 4,458,3
1676,YIL,protein 4,459,3
1677,ILA,protein 4,460,3
1678,LAS,protein 4,461,3
1679,ASD,protein 4,462,3
1680,SDN,protein 4,463,3
1681,DNK,protein 4,464,3
1682,NKD,protein 4,465,3
1683,KDT,protein 4,466,3
1684,DTS,protein 4,467,3
1685,TSN,protein 4,468,3
1686,SNS,protein 4,469,3
1687,NSA,protein 4,470,3
1688,SAL,protein 4,471,3
1689,ALG,protein 4,472,3
1690,LGS,protein 4,473,3
1691,GSI,protein 4,474,3
1692,SIH,protein 4,475,3
1693,IHV,protein 4,476,3
1694,HVN,protein 4,477,3
1695,VNA,protein 4,478,3
1696,NAS,protein 4,479,3
1697,ASF,protein 4,480,3
1698,SFV,protein 4,481,3
1699,FVE,protein 4,482,3
1700,VEE,protein 4,483,3
1701,EEL,protein 4,484,3
1702,ELL,protein 4,485,3
1703,LLT,protein 4,486,3
1704,LTC,protein 4,487,3
1705,TCL,protein 4,488,3
1706,CLL,protein 4,489,3
1707,LLA,protein 4,490,3
1708,LAC,protein 4,491,3
1709,ACE,protein 4,492,3
1710,CEP,protein 4,493,3
1711,EPG,protein 4,494,3
1712,PGL,protein 4,495,3
1713,GLS,protein 4,496,3
1714,LSC,protein 4,497,3
1715,SCN,protein 4,498,3
1716,CNL,protein 4,499,3
1717,NLV,protein 4,500,3
1718,LVK,protein 4,501,3
1719,VKD,protein 4,502,3
1720,KDY,protein 4,503,3
1721,DYI,protein 4,504,3
1722,YIS,protein 4,505,3
1723,ISP,protein 4,506,3
1724,SPT,protein 4,507,3
1725,PTN,protein 4,508,3
1726,TNT,protein 4,509,3
1727,NTC,protein 4,510,3
1728,TCP,protein 4,511,3
1729,CPG,protein 4,512,3
1730,PGN,protein 4,513,3
1731,GNY,protein 4,514,3
1732,NYA,protein 4,515,3
1733,YAG,protein 4,516,3
1734,AGV,protein 4,517,3
1735,GVI,protein 4,518,3
1736,VIL,protein 4,519,3
1737,ILG,protein 4,520,3
1738,LGE,protein 4,521,3
1739,GEP,protein 4,522,3
1740,EPS,protein 4,523,3
1741,PSS,protein 4,524,3
1742,SSK,protein 4,525,3
1743,SKP,protein 4,526,3
1744,KPY,protein 4,527,3
1745,PYL,protein 4,528,3
1746,YLG,protein 4,529,3
1747,LGY,protein 4,530,3
1748,GYV,protein 4,531,3
1749,YVG,protein 4,532,3
1750,VGD,protein 4,533,3
1751,GDV,protein 4,534,3
1752,DVS,protein 4,535,3
1753,VSR,protein 4,536,3
1754,SRF,protein 4,537,3
1755,RFL,protein 4,538,3
1756,FLW,protein 4,539,3
1757,LWN,protein 4,540,3
1758,WNF,protein 4,541,3
1759,NFL,protein 4,542,3
1760,FLA,protein 4,543,3
1761,LAD,protein 4,544,3
1762,ADK,protein 4,545,3
1763,DKT,protein 4,546,3
1764,KTS,protein 4,547,3
1765,TSV,protein 4,548,3
1766,SVQ,protein 4,549,3
1767,VQK,protein 4,550,3
1768,QKG,protein 4,551,3
1769,KGN,protein 4,552,3
1770,GNT,protein 4,553,3
1771,NTT,protein 4,554,3
1772,TTS,protein 4,555,3
1773,TSV,protein 4,556,3
1774,SVC,protein 4,557,3
1775,VCS,protein 4,558,3
1776,CSK,protein 4,559,3
1777,SKG,protein 4,560,3
1778,KGV,protein 4,561,3
1779,GVC,protein 4,562,3
1780,VCS,protein 4,563,3
1781,CSK,protein 4,564,3
1782,SKT,protein 4,565,3
1783,KTD,protein 4,566,3
1784,TDE,protein 4,567,3
1785,DEV,protein 4,568,3
1786,EVC,protein 4,569,3
1787,VCI,protein 4,570,3
1788,CIK,protein 4,571,3
1789,IKA,protein 4,572,3
1790,KAE,protein 4,573,3
1791,AES,protein 4,574,3
1792,ESN,protein 4,575,3
1793,SNK,protein 4,576,3
1794,NKE,protein 4,577,3
1795,KEG,protein 4,578,3
1796,EGT,protein 4,579,3
1797,GTC,protein 4,580,3
1798,TCV,protein 4,581,3
1799,CVV,protein 4,582,3
1800,VVS,protein 4,583,3
1801,VST,protein 4,584,3
1802,STT,protein 4,585,3
1803,TTR,protein 4,586,3
1804,TRY,protein 4,587,3
1805,RYV,protein 4,588,3
1806,YVP,protein 4,589,3
1807,VPA,protein 4,590,3
1808,PAY,protein 4,591,3
1809,AYS,protein 4,592,3
1810,YST,protein 4,593,3
1811,STR,protein 4,594,3
1812,TRL,protein 4,595,3
1813,RLK,protein 4,596,3
1814,LKY,protein 4,597,3
1815,KYN,protein 4,598,3
1816,YND,protein 4,599,3
1817,NDG,protein 4,600,3
1818,DGA,protein 4,601,3
1819,GAW,protein 4,602,3
1820,AWT,protein 4,603,3
1821,WTI,protein 4,604,3
1822,TIL,protein 4,605,3
1823,ILP,protein 4,606,3
1824,LPQ,protein 4,607,3
1825,PQN,protein 4,608,3
1826,QNS,protein 4,609,3
1827,NSS,protein 4,610,3
1828,SSD,protein 4,611,3
1829,SDS,protein 4,612,3
1830,DSM,protein 4,613,3
1831,SMG,protein 4,614,3
1832,MGM,protein 4,615,3
1833,GMV,protein 4,616,3
1834,MVD,protein 4,617,3
1835,VDP,protein 4,618,3
1836,DPV,protein 4,619,3
1837,PVW,protein 4,620,3
1838,VWT,protein 4,621,3
1839,WTE,protein 4,622,3
1840,TES,protein 4,623,3
1841,ESN,protein 4,624,3
1842,SNW,protein 4,625,3
1843,NWD,protein 4,626,3
1844,WDT,protein 4,627,3
1845,DTL,protein 4,628,3
1846,TLR,protein 4,629,3
1847,LRV,protein 4,630,3
1848,RVH,protein 4,631,3
1849,VHV,protein 4,632,3
1850,HVY,protein 4,633,3
1851,VYT,protein 4,634,3
1852,YTV,protein 4,635,3
1853,TVQ,protein 4,636,3
1854,VQH,protein 4,637,3
1855,QHS,protein 4,638,3
1856,HSA,protein 4,639,3
1857,SAY,protein 4,640,3
1858,AYD,protein 4,641,3
1859,YDN,protein 4,642,3
1860,DNA,protein 4,643,3
1861,NAV,protein 4,644,3
1862,AVL,protein 4,645,3
1863,VLV,protein 4,646,3
1864,LVA,protein 4,647,3
1865,VAG,protein 4,648,3
1866,AGI,protein 4,649,3
1867,GIT,protein 4,650,3
1868,ITV,protein 4,651,3
1869,TVT,protein 4,652,3
1870,VTT,protein 4,653,3
1871,TTL,protein 4,654,3
1872,TLA,protein 4,655,3
1873,LAY,protein 4,656,3
1874,AYI,protein 4,657,3
1875,YIG,protein 4,658,3
1876,IGI,protein 4,659,3
1877,GIL,protein 4,660,3
1878,ILA,protein 4,661,3
1879,LAA,protein 4,662,3
1880,AAK,protein 4,663,3
1881,AKS,protein 4,664,3
1882,KSI,protein 4,665,3
1883,SII,protein 4,666,3
1884,IIT,protein 4,667,3
1885,ITK,protein 4,668,3
1886,TKA,protein 4,669,3
1887,KAL,protein 4,670,3
1888,ALK,protein 4,671,3
1889,LKQ,protein 4,672,3
1890,KQD,protein 4,673,3
