ID,Sequence,SeqName,Position
0,MKI,protein 1,1
1,KIK,protein 1,2
2,IKN,protein 1,3
3,KNY,protein 1,4
4,NYF,protein 1,5
5,YFI,protein 1,6
6,FII,protein 1,7
7,IIV,protein 1,8
8,IVF,protein 1,9
9,VFI,protein 1,10
10,FII,protein 1,11
11,III,protein 1,12
12,IIV,protein 1,13
13,IVL,protein 1,14
14,VLS,protein 1,15
15,LST,protein 1,16
16,STD,protein 1,17
17,TDV,protein 1,18
18,DVI,protein 1,19
19,VIS,protein 1,20
20,ISS,protein 1,21
21,SSQ,protein 1,22
22,SQS,protein 1,23
23,QSS,protein 1,24
24,SSI,protein 1,25
25,SIE,protein 1,26
26,IED,protein 1,27
27,EDK,protein 1,28
28,DKM,protein 1,29
29,KMY,protein 1,30
30,MYT,protein 1,31
31,YTS,protein 1,32
32,TSL,protein 1,33
33,SLN,protein 1,34
34,LNS,protein 1,35
35,NSY,protein 1,36
36,SYP,protein 1,37
37,YPC,protein 1,38
38,PCT,protein 1,39
39,CTR,protein 1,40
40,TRI,protein 1,41
41,RIM,protein 1,42
42,IMT,protein 1,43
43,MTL,protein 1,44
44,TLN,protein 1,45
45,LNG,protein 1,46
46,NGQ,protein 1,47
47,GQI,protein 1,48
48,QIG,protein 1,49
49,IGC,protein 1,50
50,GCS,protein 1,51
51,CSS,protein 1,52
52,SSS,protein 1,53
53,SSH,protein 1,54
54,SHG,protein 1,55
55,HGG,protein 1,56
56,GGD,protein 1,57
57,GDS,protein 1,58
58,DSG,protein 1,59
59,SGI,protein 1,60
60,GIL,protein 1,61
61,ILY,protein 1,62
62,LYL,protein 1,63
63,YLI,protein 1,64
64,LID,protein 1,65
65,IDS,protein 1,66
66,DSD,protein 1,67
67,SDE,protein 1,68
68,DES,protein 1,69
69,ESY,protein 1,70
70,SYH,protein 1,71
71,YHN,protein 1,72
72,HNY,protein 1,73
73,NYF,protein 1,74
74,YFS,protein 1,75
75,FSY,protein 1,76
76,SYN,protein 1,77
77,YNQ,protein 1,78
78,NQQ,protein 1,79
79,QQK,protein 1,80
80,QKD,protein 1,81
81,KDI,protein 1,82
82,DII,protein 1,83
83,IIV,protein 1,84
84,IVV,protein 1,85
85,VVF,protein 1,86
86,VFD,protein 1,87
87,FDS,protein 1,88
88,DSN,protein 1,89
89,SNY,protein 1,90
90,NYF,protein 1,91
91,YFN,protein 1,92
92,FNK,protein 1,93
93,NKT,protein 1,94
94,KTL,protein 1,95
95,TLV,protein 1,96
96,LVL,protein 1,97
97,VLE,protein 1,98
98,LEM,protein 1,99
99,EMY,protein 1,100
100,MYS,protein 1,101
101,YSK,protein 1,102
102,SKK,protein 1,103
103,KKK,protein 1,104
104,KKM,protein 1,105
105,KMN,protein 1,106
106,MNG,protein 1,107
107,NGA,protein 1,108
108,GAL,protein 1,109
109,ALV,protein 1,110
110,LVL,protein 1,111
111,VLT,protein 1,112
112,LTD,protein 1,113
113,TDI,protein 1,114
114,DIG,protein 1,115
115,IGK,protein 1,116
116,GKT,protein 1,117
117,KTY,protein 1,118
118,TYP,protein 1,119
119,YPY,protein 1,120
120,PYS,protein 1,121
121,YSP,protein 1,122
122,SPE,protein 1,123
123,PED,protein 1,124
124,EDQ,protein 1,125
125,DQY,protein 1,126
126,QYP,protein 1,127
127,YPI,protein 1,128
128,PIK,protein 1,129
129,IKQ,protein 1,130
130,KQF,protein 1,131
131,QFG,protein 1,132
132,FGL,protein 1,133
133,GLY,protein 1,134
134,LYP,protein 1,135
135,YPD,protein 1,136
136,PDS,protein 1,137
137,DSN,protein 1,138
138,SNL,protein 1,139
139,NLN,protein 1,140
140,LNW,protein 1,141
141,NWN,protein 1,142
142,WNP,protein 1,143
143,NPN,protein 1,144
144,PNG,protein 1,145
145,NGD,protein 1,146
146,GDG,protein 1,147
147,DGF,protein 1,148
148,GFT,protein 1,149
149,FTY,protein 1,150
150,TYM,protein 1,151
151,YMN,protein 1,152
152,MNF,protein 1,153
153,NFP,protein 1,154
154,FPF,protein 1,155
155,PFP,protein 1,156
156,FPM,protein 1,157
157,PMF,protein 1,158
158,MFA,protein 1,159
159,FAL,protein 1,160
160,ALE,protein 1,161
161,LEL,protein 1,162
162,ELK,protein 1,163
163,LKT,protein 1,164
164,KTS,protein 1,165
165,TSI,protein 1,166
166,SII,protein 1,167
167,III,protein 1,168
168,IIR,protein 1,169
169,IRN,protein 1,170
170,RNL,protein 1,171
171,NLS,protein 1,172
172,LST,protein 1,173
173,STI,protein 1,174
174,TIN,protein 1,175
175,INR,protein 1,176
176,NRD,protein 1,177
177,RDG,protein 1,178
178,DGK,protein 1,179
179,GKY,protein 1,180
180,KYP,protein 1,181
181,YPA,protein 1,182
182,PAY,protein 1,183
183,AYG,protein 1,184
184,YGA,protein 1,185
185,GAE,protein 1,186
186,AEL,protein 1,187
187,ELD,protein 1,188
188,LDS,protein 1,189
189,DSF,protein 1,190
190,SFM,protein 1,191
191,FMQ,protein 1,192
192,MQG,protein 1,193
193,QGA,protein 1,194
194,GAI,protein 1,195
195,AIN,protein 1,196
196,INA,protein 1,197
197,NAE,protein 1,198
198,AET,protein 1,199
199,ETC,protein 1,200
200,TCL,protein 1,201
201,CLR,protein 1,202
202,LRR,protein 1,203
203,RRG,protein 1,204
204,RGF,protein 1,205
205,GFC,protein 1,206
206,FCE,protein 1,207
207,CEP,protein 1,208
208,EPV,protein 1,209
209,PVG,protein 1,210
210,VGG,protein 1,211
211,GGQ,protein 1,212
212,GQS,protein 1,213
213,QSI,protein 1,214
214,SIW,protein 1,215
215,IWS,protein 1,216
216,WSS,protein 1,217
217,SSF,protein 1,218
218,SFS,protein 1,219
219,FSE,protein 1,220
220,SEV,protein 1,221
221,EVI,protein 1,222
222,VID,protein 1,223
223,IDQ,protein 1,224
224,DQS,protein 1,225
225,QSK,protein 1,226
226,SKP,protein 1,227
227,KPI,protein 1,228
228,PII,protein 1,229
229,IIL,protein 1,230
230,ILV,protein 1,231
231,LVM,protein 1,232
232,VML,protein 1,233
233,MLP,protein 1,234
234,LPI,protein 1,235
235,PID,protein 1,236
236,IDA,protein 1,237
237,DAT,protein 1,238
238,ATA,protein 1,239
239,TAF,protein 1,240
240,AFF,protein 1,241
241,FFR,protein 1,242
242,FRD,protein 1,243
243,RDL,protein 1,244
244,DLA,protein 1,245
245,LAT,protein 1,246
246,ATG,protein 1,247
247,TGT,protein 1,248
248,GTD,protein 1,249
249,TDQ,protein 1,250
250,DQS,protein 1,251
251,QSG,protein 1,252
252,SGY,protein 1,253
253,GYA,protein 1,254
254,YAL,protein 1,255
255,ALT,protein 1,256
256,LTV,protein 1,257
257,TVL,protein 1,258
258,VLL,protein 1,259
259,LLS,protein 1,260
260,LSM,protein 1,261
261,SML,protein 1,262
262,MLN,protein 1,263
263,LNT,protein 1,264
264,NTL,protein 1,265
265,TLQ,protein 1,266
266,LQG,protein 1,267
267,QGV,protein 1,268
268,GVD,protein 1,269
269,VDK,protein 1,270
270,DKT,protein 1,271
271,KTK,protein 1,272
272,TKW,protein 1,273
273,KWD,protein 1,274
274,WDK,protein 1,275
275,DKE,protein 1,276
276,KEV,protein 1,277
277,EVI,protein 1,278
278,VIF,protein 1,279
279,IFA,protein 1,280
280,FAM,protein 1,281
281,AMW,protein 1,282
282,MWN,protein 1,283
283,WNS,protein 1,284
284,NSE,protein 1,285
285,SER,protein 1,286
286,ERW,protein 1,287
287,RWG,protein 1,288
288,WGY,protein 1,289
289,GYV,protein 1,290
290,YVG,protein 1,291
291,VGS,protein 1,292
292,GST,protein 1,293
293,STN,protein 1,294
294,TNF,protein 1,295
295,NFV,protein 1,296
296,FVN,protein 1,297
297,VND,protein 1,298
298,NDL,protein 1,299
299,DLL,protein 1,300
300,LLN,protein 1,301
301,LNF,protein 1,302
302,NFN,protein 1,303
303,FNC,protein 1,304
304,NCT,protein 1,305
305,CTS,protein 1,306
306,TSL,protein 1,307
307,SLD,protein 1,308
308,LDS,protein 1,309
309,DSN,protein 1,310
310,SNN,protein 1,311
311,NNQ,protein 1,312
312,NQN,protein 1,313
313,QNS,protein 1,314
314,NSC,protein 1,315
315,SCS,protein 1,316
316,CSS,protein 1,317
317,SSP,protein 1,318
318,SPP,protein 1,319
319,PPM,protein 1,320
320,PML,protein 1,321
321,MLD,protein 1,322
322,LDL,protein 1,323
323,DLT,protein 1,324
324,LTF,protein 1,325
325,TFE,protein 1,326
326,FEQ,protein 1,327
327,EQI,protein 1,328
328,QIK,protein 1,329
329,IKF,protein 1,330
330,KFE,protein 1,331
331,FEN,protein 1,332
332,ENI,protein 1,333
333,NIY,protein 1,334
334,IYA,protein 1,335
335,YAI,protein 1,336
336,AII,protein 1,337
337,IIE,protein 1,338
338,IEF,protein 1,339
339,EFN,protein 1,340
340,FNQ,protein 1,341
341,NQI,protein 1,342
342,QIG,protein 1,343
343,IGR,protein 1,344
344,GRP,protein 1,345
345,RPV,protein 1,346
346,PVN,protein 1,347
347,VNS,protein 1,348
348,NSG,protein 1,349
349,SGK,protein 1,350
350,GKK,protein 1,351
351,KKT,protein 1,352
352,KTP,protein 1,353
353,TPN,protein 1,354
354,PNK,protein 1,355
355,NKL,protein 1,356
356,KLD,protein 1,357
357,LDI,protein 1,358
358,DIY,protein 1,359
359,IYN,protein 1,360
360,YNL,protein 1,361
361,NLV,protein 1,362
362,LVF,protein 1,363
363,VFH,protein 1,364
364,FHP,protein 1,365
365,HPN,protein 1,366
366,PNG,protein 1,367
367,NGG,protein 1,368
368,GGA,protein 1,369
369,GAG,protein 1,370
370,AGA,protein 1,371
371,GAN,protein 1,372
372,ANQ,protein 1,373
373,NQL,protein 1,374
374,QLM,protein 1,375
375,LMD,protein 1,376
376,MDV,protein 1,377
377,DVF,protein 1,378
378,VFS,protein 1,379
379,FSQ,protein 1,380
380,SQS,protein 1,381
381,QST,protein 1,382
382,STQ,protein 1,383
383,TQS,protein 1,384
384,QSY,protein 1,385
385,SYE,protein 1,386
386,YEN,protein 1,387
387,ENS,protein 1,388
388,NST,protein 1,389
389,STI,protein 1,390
390,TIQ,protein 1,391
391,IQF,protein 1,392
392,QFQ,protein 1,393
393,FQK,protein 1,394
394,QKT,protein 1,395
395,KTT,protein 1,396
396,TTQ,protein 1,397
397,TQN,protein 1,398
398,QNE,protein 1,399
399,NEL,protein 1,400
400,ELP,protein 1,401
401,LPP,protein 1,402
402,PPC,protein 1,403
403,PCS,protein 1,404
404,CSS,protein 1,405
405,SSM,protein 1,406
406,SMS,protein 1,407
407,MSF,protein 1,408
408,SFI,protein 1,409
409,FIK,protein 1,410
410,IKE,protein 1,411
411,KEI,protein 1,412
412,EIN,protein 1,413
413,INK,protein 1,414
414,NKK,protein 1,415
415,KKS,protein 1,416
416,KSA,protein 1,417
417,SAP,protein 1,418
418,APN,protein 1,419
419,PNF,protein 1,420
420,NFI,protein 1,421
421,FIG,protein 1,422
422,IGT,protein 1,423
423,GTL,protein 1,424
424,TLV,protein 1,425
425,LVI,protein 1,426
426,VIT,protein 1,427
427,ITD,protein 1,428
428,TDH,protein 1,429
429,DHD,protein 1,430
430,HDY,protein 1,431
431,DYQ,protein 1,432
432,YQY,protein 1,433
433,QYN,protein 1,434
434,YNN,protein 1,435
435,NNP,protein 1,436
436,NPY,protein 1,437
437,PYF,protein 1,438
438,YFG,protein 1,439
439,FGD,protein 1,440
440,GDE,protein 1,441
441,DEQ,protein 1,442
442,EQD,protein 1,443
443,QDN,protein 1,444
444,DNS,protein 1,445
445,NSG,protein 1,446
446,SGN,protein 1,447
447,GNI,protein 1,448
448,NIN,protein 1,449
449,INT,protein 1,450
450,NTT,protein 1,451
451,TTT,protein 1,452
452,TTS,protein 1,453
453,TST,protein 1,454
454,STL,protein 1,455
455,TLF,protein 1,456
456,LFD,protein 1,457
457,FDM,protein 1,458
458,DMV,protein 1,459
459,MVQ,protein 1,460
460,VQV,protein 1,461
461,QVF,protein 1,462
462,VFS,protein 1,463
463,FSK,protein 1,464
464,SKS,protein 1,465
465,KSI,protein 1,466
466,SID,protein 1,467
467,IDL,protein 1,468
468,DLL,protein 1,469
469,LLA,protein 1,470
470,LAG,protein 1,471
471,AGG,protein 1,472
472,GGN,protein 1,473
473,GNG,protein 1,474
474,NGT,protein 1,475
475,GTV,protein 1,476
476,TVK,protein 1,477
477,VKV,protein 1,478
478,KVD,protein 1,479
479,VDD,protein 1,480
480,DDL,protein 1,481
481,DLF,protein 1,482
482,LFI,protein 1,483
483,FIR,protein 1,484
484,IRE,protein 1,485
485,REI,protein 1,486
486,EIN,protein 1,487
487,INV,protein 1,488
488,NVC,protein 1,489
489,VCL,protein 1,490
490,CLT,protein 1,491
491,LTQ,protein 1,492
492,TQS,protein 1,493
493,QSI,protein 1,494
494,SIT,protein 1,495
495,ITC,protein 1,496
496,TCN,protein 1,497
497,CNW,protein 1,498
498,NWV,protein 1,499
499,WVT,protein 1,500
500,VTK,protein 1,501
501,TKL,protein 1,502
502,KLM,protein 1,503
503,LMS,protein 1,504
504,MST,protein 1,505
505,STF,protein 1,506
506,TFP,protein 1,507
507,FPY,protein 1,508
508,PYN,protein 1,509
509,YNP,protein 1,510
510,NPI,protein 1,511
511,PIP,protein 1,512
512,IPN,protein 1,513
513,PNF,protein 1,514
514,NFY,protein 1,515
515,FYS,protein 1,516
516,YSG,protein 1,517
517,SGV,protein 1,518
518,GVY,protein 1,519
519,VYG,protein 1,520
520,YGV,protein 1,521
521,GVS,protein 1,522
522,VSP,protein 1,523
523,SPV,protein 1,524
524,PVN,protein 1,525
525,VNH,protein 1,526
526,NHI,protein 1,527
527,HIT,protein 1,528
528,ITP,protein 1,529
529,TPI,protein 1,530
530,PIE,protein 1,531
531,IET,protein 1,532
532,ETR,protein 1,533
533,TRF,protein 1,534
534,RFI,protein 1,535
535,FIF,protein 1,536
536,IFR,protein 1,537
537,FRM,protein 1,538
538,RMA,protein 1,539
539,MAT,protein 1,540
540,ATY,protein 1,541
541,TYL,protein 1,542
542,YLT,protein 1,543
543,LTQ,protein 1,544
544,TQH,protein 1,545
545,QHR,protein 1,546
546,HRT,protein 1,547
547,RTN,protein 1,548
548,TNA,protein 1,549
549,NAT,protein 1,550
550,ATN,protein 1,551
551,TNC,protein 1,552
552,NCT,protein 1,553
553,CTS,protein 1,554
554,TSD,protein 1,555
555,SDN,protein 1,556
556,DND,protein 1,557
557,NDC,protein 1,558
558,DCD,protein 1,559
559,CDT,protein 1,560
560,DTS,protein 1,561
561,TSS,protein 1,562
562,SSS,protein 1,563
563,SSI,protein 1,564
564,SIC,protein 1,565
565,ICV,protein 1,566
566,CVN,protein 1,567
567,VNK,protein 1,568
568,NKV,protein 1,569
569,KVC,protein 1,570
570,VCL,protein 1,571
571,CLY,protein 1,572
572,LYS,protein 1,573
573,YSN,protein 1,574
574,SNT,protein 1,575
575,NTH,protein 1,576
576,THY,protein 1,577
577,HYH,protein 1,578
578,YHN,protein 1,579
579,HNA,protein 1,580
580,NAI,protein 1,581
581,AIS,protein 1,582
582,ISL,protein 1,583
583,SLA,protein 1,584
584,LAF,protein 1,585
585,AFS,protein 1,586
586,FSF,protein 1,587
587,SFD,protein 1,588
588,FDN,protein 1,589
589,DNS,protein 1,590
590,NSK,protein 1,591
591,SKS,protein 1,592
592,KSS,protein 1,593
593,SSW,protein 1,594
594,SWT,protein 1,595
595,WTI,protein 1,596
596,TIV,protein 1,597
597,IVN,protein 1,598
598,VNT,protein 1,599
599,NTS,protein 1,600
600,TSY,protein 1,601
601,SYP,protein 1,602
602,YPV,protein 1,603
603,PVF,protein 1,604
604,VFV,protein 1,605
605,FVE,protein 1,606
606,VES,protein 1,607
607,ESN,protein 1,608
608,SNW,protein 1,609
609,NWD,protein 1,610
610,WDY,protein 1,611
611,DYT,protein 1,612
612,YTT,protein 1,613
613,TTV,protein 1,614
614,TVR,protein 1,615
615,VRL,protein 1,616
616,RLF,protein 1,617
617,LFQ,protein 1,618
618,FQV,protein 1,619
619,QVG,protein 1,620
620,VGS,protein 1,621
621,GSY,protein 1,622
622,SYA,protein 1,623
623,YAN,protein 1,624
624,ANE,protein 1,625
625,NEI,protein 1,626
626,EIW,protein 1,627
627,IWF,protein 1,628
628,WFL,protein 1,629
629,FLV,protein 1,630
630,LVS,protein 1,631
631,VSG,protein 1,632
632,SGL,protein 1,633
633,GLI,protein 1,634
634,LIE,protein 1,635
635,IEL,protein 1,636
636,ELL,protein 1,637
637,LLL,protein 1,638
638,LLS,protein 1,639
639,LSV,protein 1,640
640,SVG,protein 1,641
641,VGI,protein 1,642
642,GII,protein 1,643
643,IIF,protein 1,644
644,IFY,protein 1,645
645,FYI,protein 1,646
646,YIK,protein 1,647
647,IKK,protein 1,648
648,KKY,protein 1,649
649,KYL,protein 1,650
650,YLS,protein 1,651
651,LSK,protein 1,652
652,SKR,protein 1,653
653,KRY,protein 1,654
654,RYK,protein 1,655
655,YKL,protein 1,656
656,KLL,protein 1,657
657,MTQ,protein 2,1
658,TQV,protein 2,2
659,QVL,protein 2,3
660,VLF,protein 2,4
661,LFY,protein 2,5
662,FYG,protein 2,6
663,YGC,protein 2,7
664,GCL,protein 2,8
665,CLF,protein 2,9
666,LFI,protein 2,10
667,FIT,protein 2,11
668,ITF,protein 2,12
669,TFS,protein 2,13
670,FSP,protein 2,14
671,SPI,protein 2,15
672,PIL,protein 2,16
673,ILA,protein 2,17
674,LAF,protein 2,18
675,AFF,protein 2,19
676,FFF,protein 2,20
677,FFM,protein 2,21
678,FMV,protein 2,22
679,MVI,protein 2,23
680,VIA,protein 2,24
681,IAK,protein 2,25
682,AKN,protein 2,26
683,KNS,protein 2,27
684,NSQ,protein 2,28
685,SQL,protein 2,29
686,QLV,protein 2,30
687,LVI,protein 2,31
688,VIL,protein 2,32
689,ILT,protein 2,33
690,LTI,protein 2,34
691,TIG,protein 2,35
692,IGG,protein 2,36
693,GGS,protein 2,37
694,GSF,protein 2,38
695,SFF,protein 2,39
696,FFW,protein 2,40
697,FWL,protein 2,41
698,WLV,protein 2,42
699,LVS,protein 2,43
700,VSI,protein 2,44
701,SIL,protein 2,45
702,ILI,protein 2,46
703,LIA,protein 2,47
704,IAA,protein 2,48
705,AAI,protein 2,49
706,AIW,protein 2,50
707,IWW,protein 2,51
708,WWY,protein 2,52
709,WYI,protein 2,53
710,YII,protein 2,54
711,IIP,protein 2,55
712,IPP,protein 2,56
713,PPM,protein 2,57
714,PMR,protein 2,58
715,MRE,protein 2,59
716,REH,protein 2,60
717,EHW,protein 2,61
718,HWW,protein 2,62
719,WWF,protein 2,63
720,WFI,protein 2,64
721,FII,protein 2,65
722,IIS,protein 2,66
723,ISF,protein 2,67
724,SFS,protein 2,68
725,FSV,protein 2,69
726,SVL,protein 2,70
727,VLF,protein 2,71
728,LFQ,protein 2,72
729,FQE,protein 2,73
730,QEI,protein 2,74
731,EIF,protein 2,75
732,IFR,protein 2,76
733,FRY,protein 2,77
734,RYI,protein 2,78
735,YIF,protein 2,79
736,IFF,protein 2,80
737,FFR,protein 2,81
738,FRL,protein 2,82
739,RLY,protein 2,83
740,LYS,protein 2,84
741,YSY,protein 2,85
742,SYG,protein 2,86
743,YGF,protein 2,87
744,GFN,protein 2,88
745,FND,protein 2,89
746,NDR,protein 2,90
747,DRP,protein 2,91
748,RPS,protein 2,92
749,PSL,protein 2,93
750,SLN,protein 2,94
751,LNQ,protein 2,95
752,NQI,protein 2,96
753,QIK,protein 2,97
754,IKE,protein 2,98
755,KET,protein 2,99
756,ETQ,protein 2,100
757,TQH,protein 2,101
758,QHQ,protein 2,102
759,HQM,protein 2,103
760,QMA,protein 2,104
761,MAL,protein 2,105
762,ALD,protein 2,106
763,LDS,protein 2,107
764,DSM,protein 2,108
765,SMR,protein 2,109
766,MRK,protein 2,110
767,RKR,protein 2,111
768,KRK,protein 2,112
769,RKQ,protein 2,113
770,KQA,protein 2,114
771,QAQ,protein 2,115
772,AQQ,protein 2,116
773,QQQ,protein 2,117
774,QQK,protein 2,118
775,QKQ,protein 2,119
776,KQQ,protein 2,120
777,QQP,protein 2,121
778,QPP,protein 2,122
779,PPT,protein 2,123
780,PTN,protein 2,124
781,TNE,protein 2,125
782,NEI,protein 2,126
783,EIE,protein 2,127
784,IES,protein 2,128
785,ESI,protein 2,129
786,SIN,protein 2,130
787,INN,protein 2,131
788,NNE,protein 2,132
789,NEI,protein 2,133
790,EII,protein 2,134
791,IID,protein 2,135
792,IDT,protein 2,136
793,DTT,protein 2,137
794,TTN,protein 2,138
795,TNN,protein 2,139
796,NNN,protein 2,140
797,NNT,protein 2,141
798,NTN,protein 2,142
799,TNN,protein 2,143
800,NNN,protein 2,144
801,NNN,protein 2,145
802,NNN,protein 2,146
803,NNN,protein 2,147
804,NNN,protein 2,148
805,NNN,protein 2,149
806,NNN,protein 2,150
807,NNI,protein 2,151
808,NIN,protein 2,152
809,IND,protein 2,153
810,NDD,protein 2,154
811,DDD,protein 2,155
812,DDN,protein 2,156
813,DNK,protein 2,157
814,NKE,protein 2,158
815,KEI,protein 2,159
816,EIT,protein 2,160
817,ITE,protein 2,161
818,TEE,protein 2,162
819,EEE,protein 2,163
820,EEK,protein 2,164
821,EKE,protein 2,165
822,KEK,protein 2,166
823,EKR,protein 2,167
824,KRK,protein 2,168
825,RKI,protein 2,169
826,KIE,protein 2,170
827,IEK,protein 2,171
828,EKQ,protein 2,172
829,KQK,protein 2,173
830,QKQ,protein 2,174
831,KQR,protein 2,175
832,QRE,protein 2,176
833,REI,protein 2,177
834,EIE,protein 2,178
835,IEI,protein 2,179
836,EIN,protein 2,180
837,INA,protein 2,181
838,NAR,protein 2,182
839,ARL,protein 2,183
840,RLE,protein 2,184
841,LET,protein 2,185
842,ETL,protein 2,186
843,TLS,protein 2,187
844,LSA,protein 2,188
845,SAR,protein 2,189
846,ARP,protein 2,190
847,RPN,protein 2,191
848,PNH,protein 2,192
849,NHT,protein 2,193
850,HTL,protein 2,194
851,TLS,protein 2,195
852,LSS,protein 2,196
853,SSA,protein 2,197
854,SAA,protein 2,198
855,AAI,protein 2,199
856,AIG,protein 2,200
857,IGV,protein 2,201
858,GVG,protein 2,202
859,VGS,protein 2,203
860,GSG,protein 2,204
861,SGV,protein 2,205
862,GVA,protein 2,206
863,VAY,protein 2,207
864,AYG,protein 2,208
865,YGF,protein 2,209
866,GFI,protein 2,210
867,FIM,protein 2,211
868,IMF,protein 2,212
869,MFG,protein 2,213
870,FGS,protein 2,214
871,GSI,protein 2,215
872,SIL,protein 2,216
873,ILW,protein 2,217
874,LWE,protein 2,218
875,WES,protein 2,219
876,EST,protein 2,220
877,STG,protein 2,221
878,TGP,protein 2,222
879,GPG,protein 2,223
880,PGT,protein 2,224
881,GTL,protein 2,225
882,TLF,protein 2,226
883,LFS,protein 2,227
884,FSP,protein 2,228
885,SPA,protein 2,229
886,PAC,protein 2,230
887,ACP,protein 2,231
888,CPS,protein 2,232
889,PSV,protein 2,233
890,SVN,protein 2,234
891,VNL,protein 2,235
892,NLF,protein 2,236
893,LFM,protein 2,237
894,FML,protein 2,238
895,MLS,protein 2,239
896,LSS,protein 2,240
897,SSI,protein 2,241
898,SII,protein 2,242
899,IIT,protein 2,243
900,ITL,protein 2,244
901,TLF,protein 2,245
902,LFM,protein 2,246
903,FMT,protein 2,247
904,MTL,protein 2,248
905,TLL,protein 2,249
906,LLH,protein 2,250
907,LHV,protein 2,251
908,HVV,protein 2,252
909,VVY,protein 2,253
910,VYN,protein 2,254
911,YNV,protein 2,255
912,NVL,protein 2,256
913,VLA,protein 2,257
914,LAF,protein 2,258
915,AFQ,protein 2,259
916,FQG,protein 2,260
917,QGY,protein 2,261
918,GYR,protein 2,262
919,YRS,protein 2,263
920,RSK,protein 2,264
921,SKK,protein 2,265
922,KKY,protein 2,266
923,KYH,protein 2,267
924,YHL,protein 2,268
925,HLV,protein 2,269
926,LVA,protein 2,270
927,VAF,protein 2,271
928,AFV,protein 2,272
929,FVI,protein 2,273
930,VII,protein 2,274
931,IIT,protein 2,275
932,ITH,protein 2,276
933,THF,protein 2,277
934,HFV,protein 2,278
935,FVT,protein 2,279
936,VTT,protein 2,280
937,TTY,protein 2,281
938,TYL,protein 2,282
939,YLT,protein 2,283
940,LTL,protein 2,284
941,TLL,protein 2,285
942,LLN,protein 2,286
943,LNL,protein 2,287
944,NLP,protein 2,288
945,LPT,protein 2,289
946,PTK,protein 2,290
947,TKT,protein 2,291
948,KTT,protein 2,292
949,TTS,protein 2,293
950,TSC,protein 2,294
951,SCV,protein 2,295
952,CVG,protein 2,296
953,VGS,protein 2,297
954,GSI,protein 2,298
955,SIL,protein 2,299
956,ILP,protein 2,300
957,LPI,protein 2,301
958,PIG,protein 2,302
959,IGI,protein 2,303
960,GII,protein 2,304
961,IIT,protein 2,305
962,ITV,protein 2,306
963,TVF,protein 2,307
964,VFS,protein 2,308
965,FSV,protein 2,309
966,SVG,protein 2,310
967,VGF,protein 2,311
968,GFC,protein 2,312
969,FCI,protein 2,313
970,CIF,protein 2,314
971,IFS,protein 2,315
972,FSL,protein 2,316
973,SLL,protein 2,317
974,LLK,protein 2,318
975,LKS,protein 2,319
976,KSD,protein 2,320
977,SDS,protein 2,321
978,DSI,protein 2,322
979,SIT,protein 2,323
980,ITK,protein 2,324
981,TKI,protein 2,325
982,KIH,protein 2,326
983,MTV,protein 3,1
984,TVL,protein 3,2
985,VLT,protein 3,3
986,LTA,protein 3,4
987,TAF,protein 3,5
988,AFA,protein 3,6
989,FAY,protein 3,7
990,AYG,protein 3,8
991,YGI,protein 3,9
992,GIY,protein 3,10
993,IYT,protein 3,11
994,YTF,protein 3,12
995,TFG,protein 3,13
996,FGP,protein 3,14
997,GPP,protein 3,15
998,PPV,protein 3,16
999,PVA,protein 3,17
1000,VAL,protein 3,18
1001,ALF,protein 3,19
1002,LFF,protein 3,20
1003,FFV,protein 3,21
1004,FVT,protein 3,22
1005,VTV,protein 3,23
1006,TVA,protein 3,24
1007,VAR,protein 3,25
1008,ARH,protein 3,26
1009,RHP,protein 3,27
1010,HPH,protein 3,28
1011,PHE,protein 3,29
1012,HEI,protein 3,30
1013,EII,protein 3,31
1014,IIT,protein 3,32
1015,ITM,protein 3,33
1016,TMI,protein 3,34
1017,MIL,protein 3,35
1018,ILG,protein 3,36
1019,LGA,protein 3,37
1020,GAF,protein 3,38
1021,AFF,protein 3,39
1022,FFW,protein 3,40
1023,FWL,protein 3,41
1024,WLL,protein 3,42
1025,LLA,protein 3,43
1026,LAL,protein 3,44
1027,ALL,protein 3,45
1028,LLF,protein 3,46
1029,LFA,protein 3,47
1030,FAS,protein 3,48
1031,ASL,protein 3,49
1032,SLV,protein 3,50
1033,LVW,protein 3,51
1034,VWI,protein 3,52
1035,WII,protein 3,53
1036,IIV,protein 3,54
1037,IVI,protein 3,55
1038,VIP,protein 3,56
1039,IPL,protein 3,57
1040,PLK,protein 3,58
1041,LKD,protein 3,59
1042,KDT,protein 3,60
1043,DTP,protein 3,61
1044,TPA,protein 3,62
1045,PAF,protein 3,63
1046,AFT,protein 3,64
1047,FTL,protein 3,65
1048,TLP,protein 3,66
1049,LPI,protein 3,67
1050,PIS,protein 3,68
1051,ISV,protein 3,69
1052,SVI,protein 3,70
1053,VIL,protein 3,71
1054,ILQ,protein 3,72
1055,LQE,protein 3,73
1056,QEV,protein 3,74
1057,EVF,protein 3,75
1058,VFR,protein 3,76
1059,FRW,protein 3,77
1060,RWL,protein 3,78
1061,WLY,protein 3,79
1062,LYF,protein 3,80
1063,YFK,protein 3,81
1064,FKL,protein 3,82
1065,KLL,protein 3,83
1066,LLK,protein 3,84
1067,LKK,protein 3,85
1068,KKA,protein 3,86
1069,KAD,protein 3,87
1070,ADH,protein 3,88
1071,DHL,protein 3,89
1072,HLL,protein 3,90
1073,LLE,protein 3,91
1074,LEI,protein 3,92
1075,EIV,protein 3,93
1076,IVS,protein 3,94
1077,VSE,protein 3,95
1078,SED,protein 3,96
1079,EDK,protein 3,97
1080,DKS,protein 3,98
1081,KSD,protein 3,99
1082,SDL,protein 3,100
1083,DLR,protein 3,101
1084,LRK,protein 3,102
1085,RKH,protein 3,103
1086,KHK,protein 3,104
1087,HKI,protein 3,105
1088,KIA,protein 3,106
1089,IAY,protein 3,107
1090,AYV,protein 3,108
1091,YVG,protein 3,109
1092,VGG,protein 3,110
1093,GGL,protein 3,111
1094,GLG,protein 3,112
1095,LGF,protein 3,113
1096,GFG,protein 3,114
1097,FGL,protein 3,115
1098,GLI,protein 3,116
1099,LIA,protein 3,117
1100,IAG,protein 3,118
1101,AGI,protein 3,119
1102,GIV,protein 3,120
1103,IVM,protein 3,121
1104,VMF,protein 3,122
1105,MFA,protein 3,123
1106,FAN,protein 3,124
1107,ANV,protein 3,125
1108,NVL,protein 3,126
1109,VLS,protein 3,127
1110,LSV,protein 3,128
1111,SVA,protein 3,129
1112,VAS,protein 3,130
1113,ASG,protein 3,131
1114,SGP,protein 3,132
1115,GPG,protein 3,133
1116,PGT,protein 3,134
1117,GTV,protein 3,135
1118,TVR,protein 3,136
1119,VRS,protein 3,137
1120,RSN,protein 3,138
1121,SNQ,protein 3,139
1122,NQY,protein 3,140
1123,QYF,protein 3,141
1124,YFV,protein 3,142
1125,FVT,protein 3,143
1126,VTV,protein 3,144
1127,TVS,protein 3,145
1128,VSA,protein 3,146
1129,SAF,protein 3,147
1130,AFS,protein 3,148
1131,FST,protein 3,149
1132,STQ,protein 3,150
1133,TQV,protein 3,151
1134,QVM,protein 3,152
1135,VMI,protein 3,153
1136,MII,protein 3,154
1137,IIL,protein 3,155
1138,ILH,protein 3,156
1139,LHI,protein 3,157
1140,HIC,protein 3,158
1141,ICW,protein 3,159
1142,CWG,protein 3,160
1143,WGV,protein 3,161
1144,GVI,protein 3,162
1145,VIF,protein 3,163
1146,IFF,protein 3,164
1147,FFA,protein 3,165
1148,FAG,protein 3,166
1149,AGL,protein 3,167
1150,GLE,protein 3,168
1151,LES,protein 3,169
1152,ESK,protein 3,170
1153,SKN,protein 3,171
1154,KNW,protein 3,172
1155,NWL,protein 3,173
1156,WLY,protein 3,174
1157,LYI,protein 3,175
1158,YIF,protein 3,176
1159,IFA,protein 3,177
1160,FAV,protein 3,178
1161,AVP,protein 3,179
1162,VPI,protein 3,180
1163,PIS,protein 3,181
1164,ISH,protein 3,182
1165,SHM,protein 3,183
1166,HMF,protein 3,184
1167,MFI,protein 3,185
1168,FIS,protein 3,186
1169,ISC,protein 3,187
1170,SCL,protein 3,188
1171,CLS,protein 3,189
1172,LSL,protein 3,190
1173,SLL,protein 3,191
1174,LLI,protein 3,192
1175,LIN,protein 3,193
1176,INL,protein 3,194
1177,NLA,protein 3,195
1178,LAN,protein 3,196
1179,ANT,protein 3,197
1180,NTP,protein 3,198
1181,TPA,protein 3,199
1182,PAY,protein 3,200
1183,AYF,protein 3,201
1184,YFL,protein 3,202
1185,FLS,protein 3,203
1186,LSF,protein 3,204
1187,SFG,protein 3,205
1188,FGY,protein 3,206
1189,GYF,protein 3,207
1190,YFL,protein 3,208
1191,FLC,protein 3,209
1192,LCV,protein 3,210
1193,CVV,protein 3,211
1194,VVF,protein 3,212
1195,VFV,protein 3,213
1196,FVA,protein 3,214
1197,VAL,protein 3,215
1198,ALA,protein 3,216
1199,LAF,protein 3,217
1200,AFF,protein 3,218
1201,FFA,protein 3,219
1202,FAA,protein 3,220
1203,AAG,protein 3,221
1204,AGA,protein 3,222
1205,GAR,protein 3,223
1206,ARP,protein 3,224
1207,RPK,protein 3,225
1208,PKT,protein 3,226
1209,KTL,protein 3,227
1210,TLV,protein 3,228
1211,LVD,protein 3,229
1212,VDF,protein 3,230
1213,DFF,protein 3,231
1214,FFK,protein 3,232
1215,FKR,protein 3,233
1216,MAM,protein 4,1
1217,AMG,protein 4,2
1218,MGL,protein 4,3
1219,GLI,protein 4,4
1220,LIR,protein 4,5
1221,IRL,protein 4,6
1222,RLL,protein 4,7
1223,LLS,protein 4,8
1224,LSI,protein 4,9
1225,SIA,protein 4,10
1226,IAF,protein 4,11
1227,AFT,protein 4,12
1228,FTL,protein 4,13
1229,TLV,protein 4,14
1230,LVL,protein 4,15
1231,VLL,protein 4,16
1232,LLS,protein 4,17
1233,LSI,protein 4,18
1234,SIL,protein 4,19
1235,ILP,protein 4,20
1236,LPL,protein 4,21
1237,PLH,protein 4,22
1238,LHL,protein 4,23
1239,HLS,protein 4,24
1240,LSL,protein 4,25
1241,SLA,protein 4,26
1242,LAD,protein 4,27
1243,ADE,protein 4,28
1244,DEI,protein 4,29
1245,EIT,protein 4,30
1246,ITS,protein 4,31
1247,TSI,protein 4,32
1248,SIE,protein 4,33
1249,IES,protein 4,34
1250,ESV,protein 4,35
1251,SVP,protein 4,36
1252,VPD,protein 4,37
1253,PDL,protein 4,38
1254,DLQ,protein 4,39
1255,LQK,protein 4,40
1256,QKL,protein 4,41
1257,KLM,protein 4,42
1258,LMY,protein 4,43
1259,MYV,protein 4,44
1260,YVA,protein 4,45
1261,VAV,protein 4,46
1262,AVD,protein 4,47
1263,VDG,protein 4,48
1264,DGF,protein 4,49
1265,GFP,protein 4,50
1266,FPC,protein 4,51
1267,PCV,protein 4,52
1268,CVR,protein 4,53
1269,VRL,protein 4,54
1270,RLL,protein 4,55
1271,LLN,protein 4,56
1272,LNL,protein 4,57
1273,NLS,protein 4,58
1274,LSG,protein 4,59
1275,SGE,protein 4,60
1276,GEI,protein 4,61
1277,EIG,protein 4,62
1278,IGC,protein 4,63
1279,GCS,protein 4,64
1280,CSN,protein 4,65
1281,SNP,protein 4,66
1282,NPG,protein 4,67
1283,PGI,protein 4,68
1284,GIN,protein 4,69
1285,INK,protein 4,70
1286,NKV,protein 4,71
1287,KVV,protein 4,72
1288,VVA,protein 4,73
1289,VAP,protein 4,74
1290,API,protein 4,75
1291,PII,protein 4,76
1292,IIK,protein 4,77
1293,IKL,protein 4,78
1294,KLK,protein 4,79
1295,LKD,protein 4,80
1296,KDV,protein 4,81
1297,DVK,protein 4,82
1298,VKD,protein 4,83
1299,KDL,protein 4,84
1300,DLV,protein 4,85
1301,LVQ,protein 4,86
1302,VQP,protein 4,87
1303,QPH,protein 4,88
1304,PHT,protein 4,89
1305,HTI,protein 4,90
1306,TIL,protein 4,91
1307,ILV,protein 4,92
1308,LVT,protein 4,93
1309,VTA,protein 4,94
1310,TAD,protein 4,95
1311,ADE,protein 4,96
1312,DEM,protein 4,97
1313,EME,protein 4,98
1314,MED,protein 4,99
1315,EDF,protein 4,100
1316,DFF,protein 4,101
1317,FFT,protein 4,102
1318,FTR,protein 4,103
1319,TRV,protein 4,104
1320,RVS,protein 4,105
1321,VST,protein 4,106
1322,STD,protein 4,107
1323,TDL,protein 4,108
1324,DLS,protein 4,109
1325,LSF,protein 4,110
1326,SFA,protein 4,111
1327,FAS,protein 4,112
1328,ASK,protein 4,113
1329,SKI,protein 4,114
1330,KIG,protein 4,115
1331,IGG,protein 4,116
1332,GGV,protein 4,117
1333,GVL,protein 4,118
1334,VLV,protein 4,119
1335,LVE,protein 4,120
1336,VES,protein 4,121
1337,ESG,protein 4,122
1338,SGS,protein 4,123
1339,GSN,protein 4,124
1340,SNF,protein 4,125
1341,NFQ,protein 4,126
1342,FQQ,protein 4,127
1343,QQK,protein 4,128
1344,QKL,protein 4,129
1345,KLK,protein 4,130
1346,LKG,protein 4,131
1347,KGF,protein 4,132
1348,GFS,protein 4,133
1349,FSP,protein 4,134
1350,SPD,protein 4,135
1351,PDK,protein 4,136
1352,DKR,protein 4,137
1353,KRF,protein 4,138
1354,RFP,protein 4,139
1355,FPQ,protein 4,140
1356,PQA,protein 4,141
1357,QAQ,protein 4,142
1358,AQF,protein 4,143
1359,QFS,protein 4,144
1360,FSP,protein 4,145
1361,SPY,protein 4,146
1362,PYE,protein 4,147
1363,YEN,protein 4,148
1364,ENV,protein 4,149
1365,NVE,protein 4,150
1366,VEY,protein 4,151
1367,EYK,protein 4,152
1368,YKW,protein 4,153
1369,KWN,protein 4,154
1370,WNS,protein 4,155
1371,NSA,protein 4,156
1372,SAA,protein 4,157
1373,AAS,protein 4,158
1374,ASS,protein 4,159
1375,SSI,protein 4,160
1376,SIM,protein 4,161
1377,IMW,protein 4,162
1378,MWR,protein 4,163
1379,WRN,protein 4,164
1380,RNY,protein 4,165
1381,NYN,protein 4,166
1382,YNF,protein 4,167
1383,NFP,protein 4,168
1384,FPV,protein 4,169
1385,PVY,protein 4,170
1386,VYL,protein 4,171
1387,YLL,protein 4,172
1388,LLS,protein 4,173
1389,LSE,protein 4,174
1390,SES,protein 4,175
1391,ESG,protein 4,176
1392,SGI,protein 4,177
1393,GIS,protein 4,178
1394,ISA,protein 4,179
1395,SAV,protein 4,180
1396,AVH,protein 4,181
1397,VHE,protein 4,182
1398,HEI,protein 4,183
1399,EIL,protein 4,184
1400,ILS,protein 4,185
1401,LSK,protein 4,186
1402,SKK,protein 4,187
1403,KKK,protein 4,188
1404,KKM,protein 4,189
1405,KMK,protein 4,190
1406,MKH,protein 4,191
1407,KHG,protein 4,192
1408,HGT,protein 4,193
1409,GTY,protein 4,194
1410,TYT,protein 4,195
1411,YTS,protein 4,196
1412,TSD,protein 4,197
1413,SDV,protein 4,198
1414,DVA,protein 4,199
1415,VAE,protein 4,200
1416,AEF,protein 4,201
1417,EFN,protein 4,202
1418,FNM,protein 4,203
1419,NMV,protein 4,204
1420,MVM,protein 4,205
1421,VME,protein 4,206
1422,MET,protein 4,207
1423,ETT,protein 4,208
1424,TTK,protein 4,209
1425,TKA,protein 4,210
1426,KAG,protein 4,211
1427,AGT,protein 4,212
1428,GTH,protein 4,213
1429,THN,protein 4,214
1430,HNS,protein 4,215
1431,NSE,protein 4,216
1432,SEA,protein 4,217
1433,EAC,protein 4,218
1434,ACL,protein 4,219
1435,CLQ,protein 4,220
1436,LQE,protein 4,221
1437,QEG,protein 4,222
1438,EGT,protein 4,223
1439,GTC,protein 4,224
1440,TCL,protein 4,225
1441,CLP,protein 4,226
1442,LPL,protein 4,227
1443,PLG,protein 4,228
1444,LGG,protein 4,229
1445,GGY,protein 4,230
1446,GYS,protein 4,231
1447,YSV,protein 4,232
1448,SVW,protein 4,233
1449,VWS,protein 4,234
1450,WSS,protein 4,235
1451,SSL,protein 4,236
1452,SLP,protein 4,237
1453,LPP,protein 4,238
1454,PPI,protein 4,239
1455,PIS,protein 4,240
1456,ISV,protein 4,241
1457,SVS,protein 4,242
1458,VSS,protein 4,243
1459,SSS,protein 4,244
1460,SSN,protein 4,245
1461,SNN,protein 4,246
1462,NNR,protein 4,247
1463,NRK,protein 4,248
1464,RKP,protein 4,249
1465,KPV,protein 4,250
1466,PVV,protein 4,251
1467,VVL,protein 4,252
1468,VLT,protein 4,253
1469,LTV,protein 4,254
1470,TVA,protein 4,255
1471,VAS,protein 4,256
1472,ASM,protein 4,257
1473,SMD,protein 4,258
1474,MDT,protein 4,259
1475,DTA,protein 4,260
1476,TAS,protein 4,261
1477,ASF,protein 4,262
1478,SFF,protein 4,263
1479,FFR,protein 4,264
1480,FRD,protein 4,265
1481,RDK,protein 4,266
1482,DKS,protein 4,267
1483,KSF,protein 4,268
1484,SFG,protein 4,269
1485,FGA,protein 4,270
1486,GAD,protein 4,271
1487,ADS,protein 4,272
1488,DSP,protein 4,273
1489,SPI,protein 4,274
1490,PIS,protein 4,275
1491,ISG,protein 4,276
1492,SGL,protein 4,277
1493,GLV,protein 4,278
1494,LVA,protein 4,279
1495,VAL,protein 4,280
1496,ALL,protein 4,281
1497,LLG,protein 4,282
1498,LGA,protein 4,283
1499,GAV,protein 4,284
1500,AVD,protein 4,285
1501,VDA,protein 4,286
1502,DAL,protein 4,287
1503,ALS,protein 4,288
1504,LSR,protein 4,289
1505,SRV,protein 4,290
1506,RVD,protein 4,291
1507,VDG,protein 4,292
1508,DGI,protein 4,293
1509,GIS,protein 4,294
1510,ISN,protein 4,295
1511,SNL,protein 4,296
1512,NLK,protein 4,297
1513,LKK,protein 4,298
1514,KKQ,protein 4,299
1515,KQL,protein 4,300
1516,QLV,protein 4,301
1517,LVF,protein 4,302
1518,VFL,protein 4,303
1519,FLV,protein 4,304
1520,LVL,protein 4,305
1521,VLT,protein 4,306
1522,LTG,protein 4,307
1523,TGE,protein 4,308
1524,GET,protein 4,309
1525,ETW,protein 4,310
1526,TWG,protein 4,311
1527,WGY,protein 4,312
1528,GYL,protein 4,313
1529,YLG,protein 4,314
1530,LGS,protein 4,315
1531,GSR,protein 4,316
1532,SRR,protein 4,317
1533,RRF,protein 4,318
1534,RFL,protein 4,319
1535,FLH,protein 4,320
1536,LHE,protein 4,321
1537,HEL,protein 4,322
1538,ELD,protein 4,323
1539,LDL,protein 4,324
1540,DLH,protein 4,325
1541,LHS,protein 4,326
1542,HSD,protein 4,327
1543,SDA,protein 4,328
1544,DAV,protein 4,329
1545,AVA,protein 4,330
1546,VAG,protein 4,331
1547,AGL,protein 4,332
1548,GLS,protein 4,333
1549,LSN,protein 4,334
1550,SNT,protein 4,335
1551,NTS,protein 4,336
1552,TSI,protein 4,337
1553,SIE,protein 4,338
1554,IET,protein 4,339
1555,ETV,protein 4,340
1556,TVL,protein 4,341
1557,VLE,protein 4,342
1558,LEI,protein 4,343
1559,EIG,protein 4,344
1560,IGS,protein 4,345
1561,GSV,protein 4,346
1562,SVG,protein 4,347
1563,VGK,protein 4,348
1564,GKG,protein 4,349
1565,KGL,protein 4,350
1566,GLS,protein 4,351
1567,LSG,protein 4,352
1568,SGG,protein 4,353
1569,GGI,protein 4,354
1570,GIN,protein 4,355
1571,INT,protein 4,356
1572,NTF,protein 4,357
1573,TFF,protein 4,358
1574,FFA,protein 4,359
1575,FAH,protein 4,360
1576,AHK,protein 4,361
1577,HKT,protein 4,362
1578,KTR,protein 4,363
1579,TRV,protein 4,364
1580,RVS,protein 4,365
1581,VSS,protein 4,366
1582,SSV,protein 4,367
1583,SVT,protein 4,368
1584,VTN,protein 4,369
1585,TNM,protein 4,370
1586,NMT,protein 4,371
1587,MTL,protein 4,372
1588,TLD,protein 4,373
1589,LDA,protein 4,374
1590,DAL,protein 4,375
1591,ALK,protein 4,376
1592,LKI,protein 4,377
1593,KIA,protein 4,378
1594,IAQ,protein 4,379
1595,AQD,protein 4,380
1596,QDS,protein 4,381
1597,DSL,protein 4,382
1598,SLA,protein 4,383
1599,LAS,protein 4,384
1600,ASK,protein 4,385
1601,SKN,protein 4,386
1602,KNI,protein 4,387
1603,NIK,protein 4,388
1604,IKI,protein 4,389
1605,KIL,protein 4,390
1606,ILS,protein 4,391
1607,LSA,protein 4,392
1608,SAD,protein 4,393
1609,ADT,protein 4,394
1610,DTA,protein 4,395
1611,TAN,protein 4,396
1612,ANP,protein 4,397
1613,NPG,protein 4,398
1614,PGI,protein 4,399
1615,GIP,protein 4,400
1616,IPP,protein 4,401
1617,PPS,protein 4,402
1618,PSS,protein 4,403
1619,SSL,protein 4,404
1620,SLM,protein 4,405
1621,LMA,protein 4,406
1622,MAF,protein 4,407
1623,AFM,protein 4,408
1624,FMR,protein 4,409
1625,MRK,protein 4,410
1626,RKN,protein 4,411
1627,KNP,protein 4,412
1628,NPQ,protein 4,413
1629,PQT,protein 4,414
1630,QTS,protein 4,415
1631,TSA,protein 4,416
1632,SAV,protein 4,417
1633,AVV,protein 4,418
1634,VVL,protein 4,419
1635,VLE,protein 4,420
1636,LED,protein 4,421
1637,EDF,protein 4,422
1638,DFD,protein 4,423
1639,FDT,protein 4,424
1640,DTN,protein 4,425
1641,TNF,protein 4,426
1642,NFV,protein 4,427
1643,FVN,protein 4,428
1644,VNK,protein 4,429
1645,NKF,protein 4,430
1646,KFY,protein 4,431
1647,FYH,protein 4,432
1648,YHS,protein 4,433
1649,HSH,protein 4,434
1650,SHL,protein 4,435
1651,HLD,protein 4,436
1652,LDD,protein 4,437
1653,DDL,protein 4,438
1654,DLS,protein 4,439
1655,LSN,protein 4,440
1656,SNI,protein 4,441
1657,NIN,protein 4,442
1658,INS,protein 4,443
1659,NSS,protein 4,444
1660,SSS,protein 4,445
1661,SSV,protein 4,446
1662,SVV,protein 4,447
1663,VVA,protein 4,448
1664,VAA,protein 4,449
1665,AAA,protein 4,450
1666,AAS,protein 4,451
1667,ASV,protein 4,452
1668,SVV,protein 4,453
1669,VVA,protein 4,454
1670,VAR,protein 4,455
1671,ART,protein 4,456
1672,RTL,protein 4,457
1673,TLY,protein 4,458
1674,LYI,protein 4,459
1675,YIL,protein 4,460
1676,ILA,protein 4,461
1677,LAS,protein 4,462
1678,ASD,protein 4,463
1679,SDN,protein 4,464
1680,DNK,protein 4,465
1681,NKD,protein 4,466
1682,KDT,protein 4,467
1683,DTS,protein 4,468
1684,TSN,protein 4,469
1685,SNS,protein 4,470
1686,NSA,protein 4,471
1687,SAL,protein 4,472
1688,ALG,protein 4,473
1689,LGS,protein 4,474
1690,GSI,protein 4,475
1691,SIH,protein 4,476
1692,IHV,protein 4,477
1693,HVN,protein 4,478
1694,VNA,protein 4,479
1695,NAS,protein 4,480
1696,ASF,protein 4,481
1697,SFV,protein 4,482
1698,FVE,protein 4,483
1699,VEE,protein 4,484
1700,EEL,protein 4,485
1701,ELL,protein 4,486
1702,LLT,protein 4,487
1703,LTC,protein 4,488
1704,TCL,protein 4,489
1705,CLL,protein 4,490
1706,LLA,protein 4,491
1707,LAC,protein 4,492
1708,ACE,protein 4,493
1709,CEP,protein 4,494
1710,EPG,protein 4,495
1711,PGL,protein 4,496
1712,GLS,protein 4,497
1713,LSC,protein 4,498
1714,SCN,protein 4,499
1715,CNL,protein 4,500
1716,NLV,protein 4,501
1717,LVK,protein 4,502
1718,VKD,protein 4,503
1719,KDY,protein 4,504
1720,DYI,protein 4,505
1721,YIS,protein 4,506
1722,ISP,protein 4,507
1723,SPT,protein 4,508
1724,PTN,protein 4,509
1725,TNT,protein 4,510
1726,NTC,protein 4,511
1727,TCP,protein 4,512
1728,CPG,protein 4,513
1729,PGN,protein 4,514
1730,GNY,protein 4,515
1731,NYA,protein 4,516
1732,YAG,protein 4,517
1733,AGV,protein 4,518
1734,GVI,protein 4,519
1735,VIL,protein 4,520
1736,ILG,protein 4,521
1737,LGE,protein 4,522
1738,GEP,protein 4,523
1739,EPS,protein 4,524
1740,PSS,protein 4,525
1741,SSK,protein 4,526
1742,SKP,protein 4,527
1743,KPY,protein 4,528
1744,PYL,protein 4,529
1745,YLG,protein 4,530
1746,LGY,protein 4,531
1747,GYV,protein 4,532
1748,YVG,protein 4,533
1749,VGD,protein 4,534
1750,GDV,protein 4,535
1751,DVS,protein 4,536
1752,VSR,protein 4,537
1753,SRF,protein 4,538
1754,RFL,protein 4,539
1755,FLW,protein 4,540
1756,LWN,protein 4,541
1757,WNF,protein 4,542
1758,NFL,protein 4,543
1759,FLA,protein 4,544
1760,LAD,protein 4,545
1761,ADK,protein 4,546
1762,DKT,protein 4,547
1763,KTS,protein 4,548
1764,TSV,protein 4,549
1765,SVQ,protein 4,550
1766,VQK,protein 4,551
1767,QKG,protein 4,552
1768,KGN,protein 4,553
1769,GNT,protein 4,554
1770,NTT,protein 4,555
1771,TTS,protein 4,556
1772,TSV,protein 4,557
1773,SVC,protein 4,558
1774,VCS,protein 4,559
1775,CSK,protein 4,560
1776,SKG,protein 4,561
1777,KGV,protein 4,562
1778,GVC,protein 4,563
1779,VCS,protein 4,564
1780,CSK,protein 4,565
1781,SKT,protein 4,566
1782,KTD,protein 4,567
1783,TDE,protein 4,568
1784,DEV,protein 4,569
1785,EVC,protein 4,570
1786,VCI,protein 4,571
1787,CIK,protein 4,572
1788,IKA,protein 4,573
1789,KAE,protein 4,574
1790,AES,protein 4,575
1791,ESN,protein 4,576
1792,SNK,protein 4,577
1793,NKE,protein 4,578
1794,KEG,protein 4,579
1795,EGT,protein 4,580
1796,GTC,protein 4,581
1797,TCV,protein 4,582
1798,CVV,protein 4,583
1799,VVS,protein 4,584
1800,VST,protein 4,585
1801,STT,protein 4,586
1802,TTR,protein 4,587
1803,TRY,protein 4,588
1804,RYV,protein 4,589
1805,YVP,protein 4,590
1806,VPA,protein 4,591
1807,PAY,protein 4,592
1808,AYS,protein 4,593
1809,YST,protein 4,594
1810,STR,protein 4,595
1811,TRL,protein 4,596
1812,RLK,protein 4,597
1813,LKY,protein 4,598
1814,KYN,protein 4,599
1815,YND,protein 4,600
1816,NDG,protein 4,601
1817,DGA,protein 4,602
1818,GAW,protein 4,603
1819,AWT,protein 4,604
1820,WTI,protein 4,605
1821,TIL,protein 4,606
1822,ILP,protein 4,607
1823,LPQ,protein 4,608
1824,PQN,protein 4,609
1825,QNS,protein 4,610
1826,NSS,protein 4,611
1827,SSD,protein 4,612
1828,SDS,protein 4,613
1829,DSM,protein 4,614
1830,SMG,protein 4,615
1831,MGM,protein 4,616
1832,GMV,protein 4,617
1833,MVD,protein 4,618
1834,VDP,protein 4,619
1835,DPV,protein 4,620
1836,PVW,protein 4,621
1837,VWT,protein 4,622
1838,WTE,protein 4,623
1839,TES,protein 4,624
1840,ESN,protein 4,625
1841,SNW,protein 4,626
1842,NWD,protein 4,627
1843,WDT,protein 4,628
1844,DTL,protein 4,629
1845,TLR,protein 4,630
1846,LRV,protein 4,631
1847,RVH,protein 4,632
1848,VHV,protein 4,633
1849,HVY,protein 4,634
1850,VYT,protein 4,635
1851,YTV,protein 4,636
1852,TVQ,protein 4,637
1853,VQH,protein 4,638
1854,QHS,protein 4,639
1855,HSA,protein 4,640
1856,SAY,protein 4,641
1857,AYD,protein 4,642
1858,YDN,protein 4,643
1859,DNA,protein 4,644
1860,NAV,protein 4,645
1861,AVL,protein 4,646
1862,VLV,protein 4,647
1863,LVA,protein 4,648
1864,VAG,protein 4,649
1865,AGI,protein 4,650
1866,GIT,protein 4,651
1867,ITV,protein 4,652
1868,TVT,protein 4,653
1869,VTT,protein 4,654
1870,TTL,protein 4,655
1871,TLA,protein 4,656
1872,LAY,protein 4,657
1873,AYI,protein 4,658
1874,YIG,protein 4,659
1875,IGI,protein 4,660
1876,GIL,protein 4,661
1877,ILA,protein 4,662
1878,LAA,protein 4,663
1879,AAK,protein 4,664
1880,AKS,protein 4,665
1881,KSI,protein 4,666
1882,SII,protein 4,667
1883,IIT,protein 4,668
1884,ITK,protein 4,669
1885,TKA,protein 4,670
1886,KAL,protein 4,671
1887,ALK,protein 4,672
1888,LKQ,protein 4,673
1889,KQD,protein 4,674
